fixture_id,competition,season,date,home,away,home_goals,away_goals,outcome,p_home_mkt,p_draw_mkt,p_away_mkt,n_books
11984409,Euro,2020,2021-06-11,Türkiye,Italy,0,3,2,0.11558064668839259,0.2162247654955373,0.6681945878160701,38
11984410,Euro,2020,2021-06-12,Wales,Switzerland,1,1,1,0.2090109304185551,0.3004532124766729,0.4905358571047721,38
11984415,Euro,2020,2021-06-12,Denmark,Finland,0,1,2,0.716492302899717,0.20002076789283768,0.08348692920744528,38
11984416,Euro,2020,2021-06-12,Belgium,Russia,3,0,0,0.47018485125736165,0.2920845288113913,0.23773061993124706,38
11984424,Euro,2020,2021-06-13,England,Croatia,1,0,0,0.6168355690937848,0.2360728721223127,0.14709155878390254,38
17657224,Euro,2020,2021-06-13,Austria,North Macedonia,3,1,0,0.5514179318246921,0.2741334861071326,0.17444858206817532,38
11984421,Euro,2020,2021-06-13,Netherlands,Ukraine,3,2,0,0.6268081002892961,0.22565091610414661,0.1475409836065574,38
17657572,Euro,2020,2021-06-14,Scotland,Czech Republic,0,2,2,0.3403762757181519,0.32638820959274834,0.3332355146890998,38
17657575,Euro,2020,2021-06-14,Poland,Slovakia,1,2,2,0.5493332676049394,0.2827450642084247,0.16792166818663576,38
11984427,Euro,2020,2021-06-14,Spain,Sweden,0,0,1,0.7087576166901557,0.1927820717397224,0.09846031157012192,38
17657578,Euro,2020,2021-06-15,Hungary,Portugal,0,3,2,0.11319136772902672,0.21866514220380162,0.6681434900671716,38
11984430,Euro,2020,2021-06-15,France,Germany,1,0,0,0.3425741630215845,0.28849981526286306,0.3689260217155525,38
11984417,Euro,2020,2021-06-16,Finland,Russia,0,1,2,0.1423288450597383,0.2518811198523445,0.6057900350879172,37
11984411,Euro,2020,2021-06-16,Türkiye,Wales,0,2,2,0.3397103368140498,0.3187605270552863,0.34152913613066394,37
11984412,Euro,2020,2021-06-16,Italy,Switzerland,3,0,0,0.5643415102096753,0.27024804714266143,0.16541044264766344,37
17657225,Euro,2020,2021-06-17,Ukraine,North Macedonia,2,1,0,0.5271610769957487,0.26650921114785076,0.20632971185640056,37
11984418,Euro,2020,2021-06-17,Denmark,Belgium,1,2,2,0.2243565901028903,0.29684102690536257,0.47880238299174704,37
11984422,Euro,2020,2021-06-17,Netherlands,Austria,2,0,0,0.5915664884576161,0.2457276182823944,0.1627058932599895,37
17657576,Euro,2020,2021-06-18,Sweden,Slovakia,1,0,0,0.5052372150338879,0.292667898952557,0.20209488601355516,37
11984425,Euro,2020,2021-06-18,Croatia,Czech Republic,1,1,1,0.4348617125587829,0.29503542947298833,0.27010285796822875,37
17657573,Euro,2020,2021-06-18,England,Scotland,0,0,1,0.7239987005151528,0.18341300413050537,0.09258829535434165,37
17657579,Euro,2020,2021-06-19,Hungary,France,1,1,1,0.07984320198060656,0.17742933773468125,0.7427274602847121,37
11984431,Euro,2020,2021-06-19,Portugal,Germany,2,4,2,0.28251867259147206,0.2867353691973149,0.43074595821121303,37
11984428,Euro,2020,2021-06-19,Spain,Poland,1,1,1,0.7323826427055135,0.1751035002787935,0.09251385701569301,37
11984413,Euro,2020,2021-06-20,Switzerland,Türkiye,3,1,0,0.5850021767522856,0.22311710927296474,0.19188071397474968,37
11984414,Euro,2020,2021-06-20,Italy,Wales,1,0,0,0.6438710306814301,0.23984195892883273,0.11628701038973709,37
11984423,Euro,2020,2021-06-21,Ukraine,Austria,0,1,2,0.2521858473511507,0.4344444124912363,0.3133697401576131,37
17657226,Euro,2020,2021-06-21,North Macedonia,Netherlands,0,3,2,0.07362868255174572,0.14180338861817693,0.7845679288300774,37
11984419,Euro,2020,2021-06-21,Russia,Denmark,1,4,2,0.174651961670584,0.2287109021876695,0.5966371361417465,37
11984420,Euro,2020,2021-06-21,Finland,Belgium,0,2,2,0.10655195234943744,0.20847121111846462,0.684976836532098,37
11984426,Euro,2020,2021-06-22,Czech Republic,England,0,1,2,0.12705956907477822,0.23764258555133086,0.6352978453738911,38
17657574,Euro,2020,2021-06-22,Croatia,Scotland,3,1,0,0.3917369468397612,0.24609115891215774,0.36217189424808116,38
11984429,Euro,2020,2021-06-23,Sweden,Poland,3,2,0,0.32023637146323325,0.28763745939811375,0.39212616913865295,38
17657577,Euro,2020,2021-06-23,Slovakia,Spain,0,5,2,0.059001329223281045,0.1344283815395313,0.8065702892371878,38
11984432,Euro,2020,2021-06-23,Portugal,France,2,2,1,0.2296880356530682,0.2879670894754885,0.48234487487144323,38
17657580,Euro,2020,2021-06-23,Germany,Hungary,2,2,1,0.8531970575753289,0.09902390720045268,0.047779035224218426,38
17922170,Euro,2020,2021-06-26,Wales,Denmark,0,4,2,0.21084849515388537,0.30947117837102533,0.47968032647508924,38
17922171,Euro,2020,2021-06-26,Italy,Austria,2,1,0,0.6146848895593632,0.2474500709251796,0.13786503951545717,38
17922172,Euro,2020,2021-06-27,Netherlands,Czech Republic,0,2,2,0.6,0.24,0.15999999999999998,38
17922173,Euro,2020,2021-06-27,Belgium,Portugal,1,0,0,0.39281881159137466,0.2916382086057176,0.3155429798029076,38
17922174,Euro,2020,2021-06-28,Croatia,Spain,3,5,2,0.1508802331534796,0.2470166594462605,0.60210310740026,38
17922175,Euro,2020,2021-06-28,France,Switzerland,3,3,1,0.5904764979860029,0.25009484755777633,0.1594286544562208,38
17922176,Euro,2020,2021-06-29,England,Germany,2,0,0,0.4007678445506543,0.2902530752957769,0.30897908015356895,38
17922177,Euro,2020,2021-06-29,Sweden,Ukraine,1,2,2,0.4108150165337483,0.2991246839136355,0.29006029955261625,38
17922166,Euro,2020,2021-07-02,Switzerland,Spain,1,1,1,0.17002219403931515,0.24675015852885226,0.5832276474318326,38
17922167,Euro,2020,2021-07-02,Belgium,Italy,1,2,2,0.2849564228874574,0.3027661993179235,0.41227737779461915,38
17922168,Euro,2020,2021-07-03,Czech Republic,Denmark,1,2,2,0.24322598303074536,0.30991697837788523,0.44685703859136944,38
17922169,Euro,2020,2021-07-03,Ukraine,England,0,4,2,0.12752032091206586,0.2391006017101235,0.6333790773778106,38
17922164,Euro,2020,2021-07-06,Italy,Spain,1,1,1,0.3875688626863232,0.30425264834493565,0.3081784889687413,37
17922165,Euro,2020,2021-07-07,England,Denmark,2,1,0,0.5514179318246921,0.2741334861071326,0.17444858206817532,36
17922163,Euro,2020,2021-07-11,Italy,England,1,1,1,0.28265373816642925,0.3313871412985723,0.3859591205349984,28
11703453,Copa America,2019,2019-06-15,Brazil,Bolivia,3,0,0,0.903024311078366,0.07293657897171418,0.024039109949919917,30
11703454,Copa America,2019,2019-06-15,Venezuela,Peru,0,0,1,0.24835597305323912,0.3048364018367001,0.44680762511006084,29
11703455,Copa America,2019,2019-06-15,Argentina,Colombia,0,2,2,0.45058130496234644,0.2970931642587396,0.252325530778914,29
11703456,Copa America,2019,2019-06-16,Paraguay,Qatar,2,2,1,0.4897997250712612,0.28719883025789933,0.22300144467083946,28
11703457,Copa America,2019,2019-06-16,Uruguay,Ecuador,4,0,0,0.517203223568553,0.29350039660535654,0.18929637982609043,28
11703458,Copa America,2019,2019-06-17,Japan,Chile,0,4,2,0.1255868204408014,0.20197423680163146,0.6724389427575672,28
11703459,Copa America,2019,2019-06-18,Bolivia,Peru,1,3,2,0.11213611400265623,0.2166265838687677,0.6712373021285761,28
11703460,Copa America,2019,2019-06-19,Brazil,Venezuela,0,0,1,0.8289909995262909,0.1260066319279962,0.04500236854571293,29
11703461,Copa America,2019,2019-06-19,Colombia,Qatar,1,0,0,0.7081585769384786,0.1942167049550024,0.09762471810651885,28
11703462,Copa America,2019,2019-06-20,Argentina,Paraguay,1,1,1,0.6543619089837492,0.21912812194605918,0.12650996907019152,28
11703463,Copa America,2019,2019-06-20,Uruguay,Japan,2,2,1,0.763838236485939,0.16330334711078695,0.07285841640327417,28
11703464,Copa America,2019,2019-06-21,Ecuador,Chile,1,2,2,0.21928755908581452,0.25320403489108717,0.5275084060230983,28
11703465,Copa America,2019,2019-06-22,Peru,Brazil,0,5,2,0.08622959452343339,0.18970510795155346,0.724065297525013,28
11703466,Copa America,2019,2019-06-22,Bolivia,Venezuela,1,3,2,0.17254076801683327,0.2343503419253025,0.5931088900578643,28
11703467,Copa America,2019,2019-06-23,Qatar,Argentina,0,2,2,0.0629493899893306,0.13684649997680567,0.8002041100338637,28
11703468,Copa America,2019,2019-06-23,Colombia,Paraguay,1,0,0,0.39918422101863554,0.28864089827501344,0.312174880706351,28
11703469,Copa America,2019,2019-06-24,Chile,Uruguay,0,1,2,0.28705864351019467,0.2823533912245132,0.430587965265292,27
11703470,Copa America,2019,2019-06-24,Ecuador,Japan,1,1,1,0.5065709439199493,0.23389818892106304,0.2595308671589877,28
11881858,Copa America,2019,2019-06-28,Brazil,Paraguay,0,0,1,0.8009195743260781,0.14001260706737362,0.05906781860654825,27
11881842,Copa America,2019,2019-06-28,Venezuela,Argentina,0,2,2,0.12621958750154377,0.22539212053847102,0.648388291959985,28
11881859,Copa America,2019,2019-06-28,Colombia,Chile,0,0,1,0.45121263395375066,0.2961082910321489,0.25267907501410036,29
11881860,Copa America,2019,2019-06-29,Uruguay,Peru,0,0,1,0.5461658841940532,0.27230046948356806,0.18153364632237873,28
11887164,Copa America,2019,2019-07-03,Brazil,Argentina,2,0,0,0.5342045771267536,0.27561859341612216,0.1901768294571243,28
11887194,Copa America,2019,2019-07-04,Chile,Peru,0,3,2,0.5303983228511531,0.2767295597484277,0.1928721174004193,28
11892055,Copa America,2019,2019-07-06,Argentina,Chile,2,1,0,0.4942630185348632,0.26972639011473964,0.23601059135039718,23
11892054,Copa America,2019,2019-07-07,Brazil,Peru,3,1,0,0.7428532738977518,0.1666575171005391,0.09048920900170915,25
11985347,Copa America,2021,2021-06-13,Brazil,Venezuela,3,0,0,0.8830654468501857,0.08871727279983263,0.028217280349981777,38
11985346,Copa America,2021,2021-06-14,Colombia,Ecuador,1,0,0,0.4527177959791511,0.29709605361131797,0.2501861504095309,38
11985361,Copa America,2021,2021-06-14,Argentina,Chile,1,1,1,0.5724803570708652,0.268179276877744,0.1593403660513908,38
11985363,Copa America,2021,2021-06-15,Paraguay,Bolivia,3,1,0,0.621372780871605,0.24376932172655275,0.13485789740184237,38
11985349,Copa America,2021,2021-06-17,Colombia,Venezuela,0,0,1,0.7043189004255145,0.20059804801704093,0.09508305155744447,38
11985350,Copa America,2021,2021-06-18,Brazil,Peru,4,0,0,0.7910318879911183,0.1417997902917412,0.06716832171714057,37
11985365,Copa America,2021,2021-06-18,Chile,Bolivia,1,0,0,0.7177791866678743,0.1818373939558615,0.10038341937626423,38
11985364,Copa America,2021,2021-06-19,Argentina,Uruguay,1,0,0,0.4904264878689431,0.28831132923204533,0.22126218289901153,38
11985353,Copa America,2021,2021-06-20,Venezuela,Ecuador,2,2,1,0.14659782408261113,0.25410289507652595,0.599299280840863,37
11985352,Copa America,2021,2021-06-21,Colombia,Peru,1,2,2,0.5584725536992841,0.27923627684964203,0.162291169451074,37
11985368,Copa America,2021,2021-06-21,Uruguay,Chile,1,1,1,0.41412582014666155,0.3284446159783867,0.2574295638749517,37
11985367,Copa America,2021,2021-06-22,Argentina,Paraguay,1,0,0,0.6225777040681517,0.2506694440063874,0.1267528519254609,37
11985356,Copa America,2021,2021-06-23,Ecuador,Peru,2,2,1,0.3997655334114889,0.3094958968347011,0.2907385697538101,36
11985355,Copa America,2021,2021-06-24,Brazil,Colombia,2,1,0,0.6561509302257943,0.22492171367078054,0.11892735610342521,37
11985371,Copa America,2021,2021-06-24,Bolivia,Uruguay,0,2,2,0.06043677945449432,0.14633049020526762,0.7932327303402381,37
11985370,Copa America,2021,2021-06-25,Chile,Paraguay,0,2,2,0.38257430345854293,0.3254920742100151,0.291933622331442,36
11985359,Copa America,2021,2021-06-27,Brazil,Ecuador,1,1,1,0.6769925120525182,0.2169453277259206,0.10606216022156117,37
11985360,Copa America,2021,2021-06-27,Venezuela,Peru,0,1,2,0.2500479018969151,0.3276489748994061,0.42230312320367885,37
11985373,Copa America,2021,2021-06-29,Uruguay,Paraguay,1,0,0,0.49916269483447123,0.3091588303490918,0.19167847481643696,37
11985374,Copa America,2021,2021-06-29,Bolivia,Argentina,1,4,2,0.0431832202344232,0.10857495373226404,0.8482418260333128,36
18101458,Copa America,2021,2021-07-02,Peru,Paraguay,3,3,1,0.3286052009456265,0.3427895981087471,0.3286052009456265,37
18101454,Copa America,2021,2021-07-03,Brazil,Chile,1,0,0,0.7252802148053328,0.18957819476099788,0.08514159043366949,37
18101463,Copa America,2021,2021-07-03,Uruguay,Colombia,2,4,2,0.4130062452379247,0.315589650748582,0.27140410401349335,37
18101459,Copa America,2021,2021-07-04,Argentina,Ecuador,3,0,0,0.6040809020941471,0.25451942008233397,0.14139967782351887,36
18101465,Copa America,2021,2021-07-05,Brazil,Peru,1,0,0,0.7894446555097492,0.14695815894873793,0.06359718554151278,36
18101466,Copa America,2021,2021-07-07,Argentina,Colombia,1,1,1,0.5113870774820182,0.2942442568896536,0.19436866562832808,34
18101471,Copa America,2021,2021-07-10,Colombia,Peru,3,2,0,0.5279044175444112,0.26322905203584346,0.20886653041974537,26
18101472,Copa America,2021,2021-07-11,Argentina,Brazil,1,0,0,0.2427191570320503,0.30927118396019315,0.44800965900775647,25
11855368,AFCON,2019,2019-06-21,Egypt,Zimbabwe,1,0,0,0.752452915303936,0.1691665726852374,0.07838051201082666,27
11855369,AFCON,2019,2019-06-22,Congo DR,Uganda,0,2,2,0.4228934817170111,0.3322734499205087,0.24483306836248012,22
11855374,AFCON,2019,2019-06-22,Nigeria,Burundi,1,0,0,0.6355458442919796,0.2390397757677364,0.12541437994028395,27
11855375,AFCON,2019,2019-06-22,Guinea,Madagascar,2,2,1,0.522508038585209,0.28938906752411575,0.18810289389067525,27
11855386,AFCON,2019,2019-06-23,Morocco,Namibia,1,0,0,0.7199345514044178,0.1949822743386965,0.08508317425688575,27
11855380,AFCON,2019,2019-06-23,Senegal,Tanzania,2,0,0,0.7340101050082656,0.19371813080630515,0.07227176418542923,27
11855381,AFCON,2019,2019-06-23,Algeria,Kenya,2,0,0,0.5706437464002482,0.26901776616011697,0.16033848743963494,27
11855387,AFCON,2019,2019-06-24,Côte d'Ivoire,South Africa,1,0,0,0.4869771693335715,0.30416373359669674,0.20885909706973174,27
11855392,AFCON,2019,2019-06-24,Tunisia,Angola,1,1,1,0.5196419691695674,0.2834410740924913,0.19691695673794132,28
11855393,AFCON,2019,2019-06-24,Mali,Mauritania,4,1,0,0.5504103651242939,0.2784620486279712,0.171127586247735,28
11855398,AFCON,2019,2019-06-25,Cameroon,Guinea-Bissau,2,0,0,0.6333225211690795,0.24666245561322045,0.12001502321770009,28
11855399,AFCON,2019,2019-06-25,Ghana,Benin,2,2,1,0.5689445417361172,0.2741230212230745,0.15693243704080814,28
11855376,AFCON,2019,2019-06-26,Nigeria,Guinea,1,0,0,0.4575960028010675,0.2987489827204421,0.24365501447849042,27
11855370,AFCON,2019,2019-06-26,Uganda,Zimbabwe,1,1,1,0.40832262946970005,0.3354078742072536,0.2562694963230464,27
11855371,AFCON,2019,2019-06-26,Egypt,Congo DR,2,0,0,0.6895611883346962,0.20387026437721456,0.10656854728808941,27
11855377,AFCON,2019,2019-06-27,Madagascar,Burundi,1,0,0,0.29455232152387206,0.32842070692557157,0.3770269715505562,27
11855382,AFCON,2019,2019-06-27,Senegal,Algeria,0,1,2,0.4701549127938468,0.30484237894052646,0.22500270826562666,27
11855383,AFCON,2019,2019-06-27,Kenya,Tanzania,3,2,0,0.4271554436752675,0.31324732536186284,0.25959723096286974,27
11855394,AFCON,2019,2019-06-28,Tunisia,Mali,1,1,1,0.38272234978740455,0.32333439895832455,0.29394325125427084,27
11855388,AFCON,2019,2019-06-28,Morocco,Côte d'Ivoire,1,0,0,0.41946833463643474,0.32544956997654423,0.2550820953870211,26
11855389,AFCON,2019,2019-06-28,South Africa,Namibia,1,0,0,0.5672377241734945,0.261559617257778,0.17120265856872743,27
11855395,AFCON,2019,2019-06-29,Mauritania,Angola,0,0,1,0.19968304278922347,0.30110935023771795,0.4992076069730587,25
11855400,AFCON,2019,2019-06-29,Cameroon,Ghana,0,0,1,0.312938816449348,0.3259779338014042,0.3610832497492477,27
11855401,AFCON,2019,2019-06-29,Benin,Guinea-Bissau,0,0,1,0.5730906798591221,0.2663660906387469,0.160543229502131,27
11855378,AFCON,2019,2019-06-30,Madagascar,Nigeria,2,0,0,0.14841634201798723,0.33658706136222105,0.5149965966197917,27
11855379,AFCON,2019,2019-06-30,Burundi,Guinea,0,2,2,0.17952755905511814,0.2692913385826772,0.5511811023622047,27
11855372,AFCON,2019,2019-06-30,Uganda,Egypt,0,2,2,0.12316808987809567,0.28161483065070064,0.5952170794712036,27
11855373,AFCON,2019,2019-06-30,Zimbabwe,Congo DR,0,4,2,0.3045550317570372,0.28377115794656677,0.41167381029639616,27
11855390,AFCON,2019,2019-07-01,South Africa,Morocco,0,1,2,0.21592811507055248,0.3895703076064551,0.39450157732299246,27
11855391,AFCON,2019,2019-07-01,Namibia,Côte d'Ivoire,1,4,2,0.07813923610883515,0.2060815018254993,0.7157792620656654,27
11855384,AFCON,2019,2019-07-01,Kenya,Senegal,0,3,2,0.10474367015482124,0.33076948469943546,0.5644868451457432,27
11855385,AFCON,2019,2019-07-01,Tanzania,Algeria,0,3,2,0.09957325746799431,0.1891891891891892,0.7112375533428165,27
11855402,AFCON,2019,2019-07-02,Benin,Cameroon,0,0,1,0.20430200779262245,0.33386000743395605,0.46183798477342153,28
11855403,AFCON,2019,2019-07-02,Guinea-Bissau,Ghana,0,2,2,0.10397553516819572,0.20795107033639143,0.6880733944954128,28
11855396,AFCON,2019,2019-07-02,Mauritania,Tunisia,0,0,1,0.09850364689074366,0.18715692909241297,0.7143394240168434,27
11855397,AFCON,2019,2019-07-02,Angola,Mali,0,1,2,0.2630211456209777,0.400687532477915,0.3362913219011072,27
11889503,AFCON,2019,2019-07-05,Morocco,Benin,1,1,1,0.6542140816974203,0.2432334406310922,0.10255247767148751,23
11888066,AFCON,2019,2019-07-05,Uganda,Senegal,0,1,2,0.11917643839077072,0.2576787857097745,0.6231447758994547,23
11889504,AFCON,2019,2019-07-06,Nigeria,Cameroon,3,2,0,0.36874677668901495,0.3419288292934502,0.2893243940175348,27
11889505,AFCON,2019,2019-07-06,Egypt,South Africa,0,1,2,0.6147900930967856,0.25083435798348847,0.13437554891972597,23
11889506,AFCON,2019,2019-07-07,Madagascar,Congo DR,2,2,1,0.23153252480705624,0.3164277839029768,0.4520396912899669,21
11889507,AFCON,2019,2019-07-07,Algeria,Guinea,3,0,0,0.578352620830497,0.26186521443158617,0.15978216473791695,23
11889508,AFCON,2019,2019-07-08,Mali,Côte d'Ivoire,0,1,2,0.30466174424995984,0.33138645865785105,0.36395179709218917,22
11889509,AFCON,2019,2019-07-08,Ghana,Tunisia,1,1,1,0.39308112482298196,0.3253085170948817,0.2816103580821363,23
11901459,AFCON,2019,2019-07-10,Senegal,Benin,1,0,0,0.690993487174849,0.2193473149849525,0.08965919784019856,26
11901510,AFCON,2019,2019-07-10,Nigeria,South Africa,2,1,0,0.43710212810987525,0.3263176068928259,0.23658026499729878,26
11903360,AFCON,2019,2019-07-11,Côte d'Ivoire,Algeria,1,1,1,0.2631578947368421,0.3157894736842105,0.42105263157894735,27
11903361,AFCON,2019,2019-07-11,Madagascar,Tunisia,0,3,2,0.18334128198299196,0.28966324565043694,0.5269954723665711,26
11906616,AFCON,2019,2019-07-14,Senegal,Tunisia,1,0,0,0.4924143969137744,0.302056115678737,0.20552948740748847,25
11906617,AFCON,2019,2019-07-14,Algeria,Nigeria,2,1,0,0.36189683860232946,0.32445923460898507,0.3136439267886855,25
11908377,AFCON,2019,2019-07-17,Tunisia,Nigeria,0,1,2,0.2916584109371904,0.29621557360808404,0.41212601545472566,28
11908376,AFCON,2019,2019-07-19,Senegal,Algeria,0,1,2,0.33688014243423486,0.33155992878288265,0.33155992878288265,28
18365781,AFCON,2021,2022-01-09,Cameroon,Burkina Faso,2,1,0,0.5770816158285242,0.2671063478977741,0.15581203627370155,35
18365782,AFCON,2021,2022-01-09,Ethiopia,Cape Verde Islands,0,1,2,0.23353940965998582,0.3241240896544674,0.4423365006855468,30
18365787,AFCON,2021,2022-01-10,Senegal,Zimbabwe,1,0,0,0.7476403867765895,0.17800961589918796,0.07434999732422254,35
18365788,AFCON,2021,2022-01-10,Guinea,Malawi,1,0,0,0.6351246114273088,0.24440659130841463,0.12046879726427663,34
18365789,AFCON,2021,2022-01-10,Morocco,Ghana,1,0,0,0.39482309938616184,0.3545958402034209,0.2505810604104174,35
18365790,AFCON,2021,2022-01-10,Comoros,Gabon,0,1,2,0.26637305276894213,0.32827664953918934,0.4053502976918686,35
18365791,AFCON,2021,2022-01-11,Algeria,Sierra Leone,0,0,1,0.8179868352932476,0.1343835515124621,0.047629613194290356,35
18365792,AFCON,2021,2022-01-11,Nigeria,Egypt,1,0,0,0.3125782112236213,0.3301882512925577,0.3572335374838211,35
18365793,AFCON,2021,2022-01-11,Sudan,Guinea-Bissau,0,0,1,0.26846590909090906,0.34801136363636365,0.38352272727272724,35
18365794,AFCON,2021,2022-01-12,Tunisia,Mali,0,1,2,0.32307949083140464,0.3470113049670642,0.329909204201531,35
18365795,AFCON,2021,2022-01-12,Mauritania,Gambia,0,1,2,0.26903693384586813,0.3462425767320924,0.3847204894220394,35
18365796,AFCON,2021,2022-01-12,Equatorial Guinea,Côte d'Ivoire,0,1,2,0.1039671682626539,0.24623803009575923,0.6497948016415869,34
18365783,AFCON,2021,2022-01-13,Cameroon,Ethiopia,4,1,0,0.7533021594073451,0.1828403299532391,0.06385751063941575,35
18365784,AFCON,2021,2022-01-13,Cape Verde Islands,Burkina Faso,0,1,2,0.2667237457383078,0.35836335864559704,0.37491289561609525,34
18365797,AFCON,2021,2022-01-14,Senegal,Guinea,0,0,1,0.4847615178637732,0.31185487076666357,0.20338361136956323,35
18365798,AFCON,2021,2022-01-14,Malawi,Zimbabwe,2,1,0,0.2921535893155259,0.333889816360601,0.3739565943238731,35
18365799,AFCON,2021,2022-01-14,Morocco,Comoros,2,0,0,0.7331261641566125,0.19468910583412113,0.07218473000926647,35
18365800,AFCON,2021,2022-01-14,Gabon,Ghana,1,1,1,0.1338044292087693,0.2771194673563972,0.5890761034348334,34
18365801,AFCON,2021,2022-01-15,Nigeria,Sudan,3,1,0,0.7869578517963735,0.163547507711875,0.049494640491751646,35
18365802,AFCON,2021,2022-01-15,Guinea-Bissau,Egypt,0,1,2,0.13360323886639677,0.24291497975708504,0.6234817813765182,35
18365803,AFCON,2021,2022-01-16,Gambia,Mali,1,1,1,0.12445886606698542,0.30111015983948086,0.5744309740935336,35
18365804,AFCON,2021,2022-01-16,Côte d'Ivoire,Sierra Leone,2,2,1,0.7311800673641896,0.19682681831072107,0.07199311432508944,34
18365805,AFCON,2021,2022-01-16,Tunisia,Mauritania,4,0,0,0.6594533715399127,0.2283960457528478,0.11215058270723957,35
18365806,AFCON,2021,2022-01-16,Algeria,Equatorial Guinea,0,1,2,0.7218691494054218,0.1996659349419252,0.0784649156526531,35
18365785,AFCON,2021,2022-01-17,Cape Verde Islands,Cameroon,1,1,1,0.14340646139599944,0.27217274909023337,0.5844207895137672,20
18365786,AFCON,2021,2022-01-17,Burkina Faso,Ethiopia,1,1,1,0.605402049053089,0.2502328469419435,0.14436510400496738,34
18365807,AFCON,2021,2022-01-18,Zimbabwe,Guinea,2,1,0,0.14184088263984154,0.2543301399442152,0.6038289774159432,35
18365808,AFCON,2021,2022-01-18,Malawi,Senegal,0,0,1,0.07174345551606079,0.20453110302188493,0.7237254414620542,35
18365809,AFCON,2021,2022-01-18,Gabon,Morocco,2,2,1,0.14424728105323412,0.3348597595878649,0.520892959358901,35
18365810,AFCON,2021,2022-01-18,Ghana,Comoros,2,3,2,0.7364458592289426,0.1778586226062352,0.0856955181648224,35
18365811,AFCON,2021,2022-01-19,Guinea-Bissau,Nigeria,0,2,2,0.17981072555205047,0.26096931459707484,0.5592199598508747,35
18365812,AFCON,2021,2022-01-19,Egypt,Sudan,1,0,0,0.7580342041617645,0.16347172402792834,0.07849407181030711,35
18365813,AFCON,2021,2022-01-20,Côte d'Ivoire,Algeria,3,1,0,0.3110276171791656,0.3009944682379022,0.3879779145829322,35
18365814,AFCON,2021,2022-01-20,Sierra Leone,Equatorial Guinea,0,1,2,0.25867562635536917,0.3596524188969001,0.3816719547477307,35
18365815,AFCON,2021,2022-01-20,Gambia,Tunisia,1,0,0,0.17865104469397097,0.29197853130926393,0.5293704239967651,35
18365816,AFCON,2021,2022-01-20,Mali,Mauritania,2,0,0,0.7461448292091627,0.1818246402358614,0.07203053055497587,35
18452894,AFCON,2021,2022-01-23,Burkina Faso,Gabon,2,1,0,0.4180337816802191,0.34079288273503916,0.24117333558474183,34
18452895,AFCON,2021,2022-01-23,Nigeria,Tunisia,0,1,2,0.5157579502780815,0.30446356419641585,0.17977848552550268,34
18452896,AFCON,2021,2022-01-24,Guinea,Gambia,0,1,2,0.3756449948400413,0.33539731682146545,0.28895768833849333,25
18452897,AFCON,2021,2022-01-24,Cameroon,Comoros,2,1,0,0.8899117759877253,0.07786728039892597,0.03222094361334868,21
18452898,AFCON,2021,2022-01-25,Senegal,Cape Verde Islands,2,0,0,0.5920710424943273,0.28527059320181225,0.12265836430386047,33
18452899,AFCON,2021,2022-01-25,Morocco,Malawi,2,1,0,0.7294958504385834,0.19811571517174162,0.07238843438967484,34
18452900,AFCON,2021,2022-01-26,Côte d'Ivoire,Egypt,0,1,2,0.42638698294452065,0.32346598706136054,0.2501470299941188,34
18452901,AFCON,2021,2022-01-26,Mali,Equatorial Guinea,0,1,2,0.5600185247858072,0.29634313603248963,0.1436383391817032,34
18452890,AFCON,2021,2022-01-29,Gambia,Cameroon,0,2,2,0.11214685335323306,0.26883202846675014,0.6190211181800168,34
18452891,AFCON,2021,2022-01-29,Burkina Faso,Tunisia,1,0,0,0.23141169836082073,0.34501380482885996,0.42357449681031933,35
18452892,AFCON,2021,2022-01-30,Egypt,Morocco,2,1,0,0.24767080745341613,0.32453416149068326,0.4277950310559006,35
18452893,AFCON,2021,2022-01-30,Senegal,Equatorial Guinea,3,1,0,0.6257924849234575,0.2644193598268131,0.1097881552497294,35
18452888,AFCON,2021,2022-02-02,Burkina Faso,Senegal,1,3,2,0.17175981349631403,0.32575137042404384,0.502488816079642,34
18452889,AFCON,2021,2022-02-03,Cameroon,Egypt,0,1,2,0.41483461064011723,0.34317970203060794,0.24198568732927483,35
18452886,AFCON,2021,2022-02-05,Burkina Faso,Cameroon,3,4,2,0.2197038653149992,0.2759222073220725,0.5043739273629282,31
18452887,AFCON,2021,2022-02-06,Senegal,Egypt,1,0,0,0.43255966717757827,0.3516531640026275,0.21578716881979418,33
10325169,Asian Cup,2019,2019-01-05,United Arab Emirates,Bahrain,1,1,1,0.5615519253208868,0.26794049008168025,0.1705075845974329,1
10325171,Asian Cup,2019,2019-01-06,Australia,Jordan,0,1,2,0.6676557863501484,0.20771513353115725,0.12462908011869436,1
10325172,Asian Cup,2019,2019-01-06,Syria,Palestine,0,0,1,0.4900583151830253,0.30193915548373496,0.20800252933323962,1
10325176,Asian Cup,2019,2019-01-08,Iraq,Vietnam,3,2,0,0.5844155844155844,0.25974025974025977,0.15584415584415584,1
10325177,Asian Cup,2019,2019-01-08,Saudi Arabia,Korea DPR,4,0,0,0.5448318804483189,0.26774595267745954,0.1874221668742217,1
10325179,Asian Cup,2019,2019-01-09,Japan,Turkmenistan,3,2,0,0.8868864121413328,0.08546359971543753,0.02764998814322979,1
10325180,Asian Cup,2019,2019-01-09,Uzbekistan,Oman,2,1,0,0.40930979133226325,0.3138041733547351,0.2768860353130016,1
10325178,Asian Cup,2019,2019-01-09,Qatar,Lebanon,2,0,0,0.5672506047057099,0.2620538004837646,0.17069559481052554,9
10325187,Asian Cup,2019,2019-01-10,Bahrain,Thailand,0,1,2,0.4983388704318936,0.2823920265780731,0.21926910299003324,9
10325181,Asian Cup,2019,2019-01-10,Jordan,Syria,2,0,0,0.2893401015228426,0.3248730964467005,0.38578680203045684,9
10325188,Asian Cup,2019,2019-01-10,India,United Arab Emirates,0,2,2,0.12272107428927911,0.20544822704678423,0.6718306986639367,9
10325182,Asian Cup,2019,2019-01-11,Palestine,Australia,0,3,2,0.07474448402257462,0.1656571011138622,0.7595984148635632,9
10325183,Asian Cup,2019,2019-01-11,Philippines,China PR,0,3,2,0.14676000422837945,0.21927671220004932,0.6339632835715712,9
10325184,Asian Cup,2019,2019-01-11,Kyrgyz Republic,Korea Republic,0,1,2,0.05850706119704102,0.13449899125756556,0.8069939475453934,9
10325186,Asian Cup,2019,2019-01-12,Vietnam,Iran,0,2,2,0.07496395963479095,0.14416146083613646,0.7808745795290725,19
10325185,Asian Cup,2019,2019-01-12,Yemen,Iraq,0,3,2,0.07548098386818951,0.16661569450449787,0.7579033216273127,18
10325190,Asian Cup,2019,2019-01-12,Lebanon,Saudi Arabia,0,2,2,0.15114543287005863,0.25678806257525305,0.5920665045546883,16
10325189,Asian Cup,2019,2019-01-13,Korea DPR,Qatar,0,6,2,0.12050739957716702,0.2029598308668076,0.6765327695560253,15
10325192,Asian Cup,2019,2019-01-13,Oman,Japan,0,1,2,0.10944078797367342,0.1894541640699813,0.7011050479563453,16
10325191,Asian Cup,2019,2019-01-13,Turkmenistan,Uzbekistan,0,4,2,0.13664392009709464,0.23143748828253297,0.6319185916203723,15
10325203,Asian Cup,2019,2019-01-14,United Arab Emirates,Thailand,1,1,1,0.5691653035636308,0.26950611378095196,0.16132858265541725,17
10325204,Asian Cup,2019,2019-01-14,India,Bahrain,0,1,2,0.23205020097675663,0.27059039829052844,0.4973594007327149,17
10325193,Asian Cup,2019,2019-01-15,Australia,Syria,3,2,0,0.6218494580193318,0.23163892311220108,0.1465116188684672,14
10325194,Asian Cup,2019,2019-01-15,Palestine,Jordan,0,0,1,0.2878143133462283,0.2924564796905223,0.41972920696324956,13
10325195,Asian Cup,2019,2019-01-16,Korea Republic,China PR,2,0,0,0.625902744342802,0.23158401540683676,0.14251324025036108,9
10325196,Asian Cup,2019,2019-01-16,Kyrgyz Republic,Philippines,3,1,0,0.520120527038351,0.2677090947991513,0.2121703781624975,13
10325197,Asian Cup,2019,2019-01-16,Iran,Iraq,0,0,1,0.5368334532004521,0.27329703072023015,0.18986951607931776,11
10325198,Asian Cup,2019,2019-01-16,Vietnam,Yemen,2,0,0,0.6211545663688406,0.21090364346476914,0.16794179016639024,11
10325201,Asian Cup,2019,2019-01-17,Japan,Uzbekistan,2,1,0,0.5566388119875537,0.26111540578545395,0.18224578222699234,10
10325202,Asian Cup,2019,2019-01-17,Oman,Turkmenistan,3,1,0,0.6833884049264043,0.19894612996895966,0.11766546510463603,10
10325199,Asian Cup,2019,2019-01-17,Saudi Arabia,Qatar,0,2,2,0.3480395055887397,0.31030811993612867,0.3416523744751316,10
10325200,Asian Cup,2019,2019-01-17,Lebanon,Korea DPR,4,1,0,0.6548446373244466,0.19901356920752666,0.14614179346802667,10
11645117,Asian Cup,2019,2019-01-20,Jordan,Vietnam,1,1,1,0.5180823131151544,0.2861386265878771,0.1957790602969685,10
11636830,Asian Cup,2019,2019-01-20,Thailand,China PR,1,2,2,0.19298501721122824,0.27162332406963996,0.5353916587191319,10
11645118,Asian Cup,2019,2019-01-20,Iran,Oman,2,0,0,0.7055352970596358,0.20168815269887955,0.0927765502414846,10
11645119,Asian Cup,2019,2019-01-21,Japan,Saudi Arabia,1,0,0,0.5411041476674587,0.26359275362703016,0.19530309870551124,10
11645120,Asian Cup,2019,2019-01-21,Australia,Uzbekistan,0,0,1,0.5601000622147095,0.2534017549073115,0.18649818287797895,10
11636831,Asian Cup,2019,2019-01-21,United Arab Emirates,Kyrgyz Republic,3,2,0,0.6691282589545106,0.22144959046351656,0.1094221505819729,10
11645121,Asian Cup,2019,2019-01-22,Korea Republic,Bahrain,2,1,0,0.7344255058200402,0.19000686979639314,0.07556762438356664,10
11645122,Asian Cup,2019,2019-01-22,Qatar,Iraq,1,0,0,0.41970435015133173,0.30546492948541765,0.27483072036325057,10
11669445,Asian Cup,2019,2019-01-24,Vietnam,Japan,0,1,2,0.09759460701700627,0.18921403401256318,0.7131913589704304,10
11666440,Asian Cup,2019,2019-01-24,China PR,Iran,0,3,2,0.10990529536064934,0.22636402635464858,0.6637306782847021,10
11677516,Asian Cup,2019,2019-01-25,Korea Republic,Qatar,0,1,2,0.4651559974381653,0.305102320900302,0.22974168166153286,10
11673904,Asian Cup,2019,2019-01-25,United Arab Emirates,Australia,1,0,0,0.17496241196486506,0.2736408957822268,0.5513966922529082,20
11691463,Asian Cup,2019,2019-01-28,Iran,Japan,0,3,2,0.4199475065616798,0.32808398950131235,0.25196850393700787,13
11702021,Asian Cup,2019,2019-01-29,Qatar,United Arab Emirates,4,0,0,0.4429838262224794,0.31935597277440997,0.23766020100311067,10
11725058,Asian Cup,2019,2019-02-01,Japan,Qatar,1,3,2,0.4447882083851421,0.30732217193686096,0.24788961967799691,10
