team_a,team_b,scope,matches,wins_a,draws,wins_b,goals_a,goals_b,win_pct_a,win_pct_b,avg_goals_a,avg_goals_b,last_meeting
MEX,RSA,all_competitive,4,1,1,1,6.0,5.0,0.25,0.25,1.5,1.25,2026-06-11
MEX,RSA,wc_only,2,0,1,0,1.0,1.0,0.0,0.0,0.5,0.5,2026-06-11
MEX,KOR,all_competitive,7,3,2,1,11.0,7.0,0.42857142857142855,0.14285714285714285,1.5714285714285714,1.0,2026-06-18
MEX,KOR,wc_only,3,2,0,0,5.0,2.0,0.6666666666666666,0.0,1.6666666666666667,0.6666666666666666,2026-06-18
MEX,CZE,all_competitive,2,0,0,1,1.0,2.0,0.0,0.5,0.5,1.0,2026-06-24
MEX,CZE,wc_only,1,0,0,0,0.0,0.0,0.0,0.0,0.0,0.0,2026-06-24
MEX,CAN,all_competitive,31,19,8,4,64.0,22.0,0.6129032258064516,0.12903225806451613,2.064516129032258,0.7096774193548387,2025-03-20
MEX,QAT,all_competitive,1,0,0,1,0.0,1.0,0.0,1.0,0.0,1.0,2023-07-02
MEX,SUI,all_competitive,1,0,0,1,1.0,2.0,0.0,1.0,1.0,2.0,1950-07-02
MEX,SUI,wc_only,1,0,0,1,1.0,2.0,0.0,1.0,1.0,2.0,1950-07-02
MEX,BRA,all_competitive,22,7,2,13,21.0,40.0,0.3181818181818182,0.5909090909090909,0.9545454545454546,1.8181818181818181,2018-07-02
MEX,BRA,wc_only,5,0,1,4,0.0,13.0,0.0,0.8,0.0,2.6,2018-07-02
MEX,HAI,all_competitive,11,9,2,0,30.0,3.0,0.8181818181818182,0.0,2.727272727272727,0.2727272727272727,2023-06-29
MEX,USA,all_competitive,53,26,11,16,102.0,65.0,0.49056603773584906,0.3018867924528302,1.9245283018867925,1.2264150943396226,2025-07-06
MEX,USA,wc_only,1,0,0,1,0.0,2.0,0.0,1.0,0.0,2.0,2002-06-17
MEX,PAR,all_competitive,6,2,3,1,9.0,3.0,0.3333333333333333,0.16666666666666666,1.5,0.5,2007-07-08
MEX,PAR,wc_only,1,0,1,0,1.0,1.0,0.0,0.0,1.0,1.0,1986-06-07
MEX,AUS,all_competitive,2,0,0,2,1.0,5.0,0.0,1.0,0.5,2.5,2001-05-30
MEX,GER,all_competitive,6,1,1,4,6.0,16.0,0.16666666666666666,0.6666666666666666,1.0,2.6666666666666665,2018-06-17
MEX,GER,wc_only,4,1,1,2,2.0,8.0,0.25,0.5,0.5,2.0,2018-06-17
MEX,CUW,all_competitive,7,4,2,1,25.0,4.0,0.5714285714285714,0.14285714285714285,3.5714285714285716,0.5714285714285714,2017-07-16
MEX,ECU,all_competitive,7,4,2,1,10.0,6.0,0.5714285714285714,0.14285714285714285,1.4285714285714286,0.8571428571428571,2024-06-30
MEX,ECU,wc_only,1,1,0,0,2.0,1.0,1.0,0.0,2.0,1.0,2002-06-09
MEX,NED,all_competitive,2,0,1,1,3.0,4.0,0.0,0.5,1.5,2.0,2014-06-29
MEX,NED,wc_only,2,0,1,1,3.0,4.0,0.0,0.5,1.5,2.0,2014-06-29
MEX,JPN,all_competitive,4,3,0,1,7.0,5.0,0.75,0.25,1.75,1.25,2013-06-22
MEX,SWE,all_competitive,2,0,0,2,0.0,6.0,0.0,1.0,0.0,3.0,2018-06-27
MEX,SWE,wc_only,2,0,0,2,0.0,6.0,0.0,1.0,0.0,3.0,2018-06-27
MEX,TUN,all_competitive,1,0,0,1,1.0,3.0,0.0,1.0,1.0,3.0,1978-06-02
MEX,TUN,wc_only,1,0,0,1,1.0,3.0,0.0,1.0,1.0,3.0,1978-06-02
MEX,BEL,all_competitive,3,2,1,0,5.0,3.0,0.6666666666666666,0.0,1.6666666666666667,1.0,1998-06-20
MEX,BEL,wc_only,3,2,1,0,5.0,3.0,0.6666666666666666,0.0,1.6666666666666667,1.0,1998-06-20
MEX,EGY,all_competitive,3,2,1,0,7.0,2.0,0.6666666666666666,0.0,2.3333333333333335,0.6666666666666666,1999-07-27
MEX,IRN,all_competitive,1,1,0,0,3.0,1.0,1.0,0.0,3.0,1.0,2006-06-11
MEX,IRN,wc_only,1,1,0,0,3.0,1.0,1.0,0.0,3.0,1.0,2006-06-11
MEX,NZL,all_competitive,3,3,0,0,11.0,4.0,1.0,0.0,3.6666666666666665,1.3333333333333333,2017-06-21
MEX,ESP,all_competitive,2,0,0,2,1.0,8.0,0.0,1.0,0.5,4.0,1962-06-03
MEX,ESP,wc_only,1,0,0,1,0.0,1.0,0.0,1.0,0.0,1.0,1962-06-03
MEX,KSA,all_competitive,5,5,0,0,16.0,2.0,1.0,0.0,3.2,0.4,2025-06-28
MEX,KSA,wc_only,1,1,0,0,2.0,1.0,1.0,0.0,2.0,1.0,2022-11-30
MEX,URU,all_competitive,9,3,3,3,12.0,11.0,0.3333333333333333,0.3333333333333333,1.3333333333333333,1.2222222222222223,2016-06-05
MEX,URU,wc_only,2,0,1,1,0.0,1.0,0.0,0.5,0.0,0.5,2010-06-22
MEX,FRA,all_competitive,5,1,1,3,6.0,12.0,0.2,0.6,1.2,2.4,2010-06-17
MEX,FRA,wc_only,4,1,1,2,6.0,8.0,0.25,0.5,1.5,2.0,2010-06-17
MEX,IRQ,all_competitive,1,1,0,0,1.0,0.0,1.0,0.0,1.0,0.0,1986-06-11
MEX,IRQ,wc_only,1,1,0,0,1.0,0.0,1.0,0.0,1.0,0.0,1986-06-11
MEX,NOR,all_competitive,1,0,0,1,0.0,1.0,0.0,1.0,0.0,1.0,1994-06-19
MEX,NOR,wc_only,1,0,0,1,0.0,1.0,0.0,1.0,0.0,1.0,1994-06-19
MEX,ARG,all_competitive,12,1,3,8,11.0,25.0,0.08333333333333333,0.6666666666666666,0.9166666666666666,2.0833333333333335,2022-11-26
MEX,ARG,wc_only,4,0,0,4,5.0,13.0,0.0,1.0,1.25,3.25,2022-11-26
MEX,POR,all_competitive,3,0,1,2,4.0,6.0,0.0,0.6666666666666666,1.3333333333333333,2.0,2017-07-02
MEX,POR,wc_only,1,0,0,1,1.0,2.0,0.0,1.0,1.0,2.0,2006-06-21
MEX,COL,all_competitive,6,2,1,3,7.0,7.0,0.3333333333333333,0.5,1.1666666666666667,1.1666666666666667,2005-07-17
MEX,ENG,all_competitive,1,0,0,1,0.0,2.0,0.0,1.0,0.0,2.0,1966-07-16
MEX,ENG,wc_only,1,0,0,1,0.0,2.0,0.0,1.0,0.0,2.0,1966-07-16
MEX,CRO,all_competitive,3,2,0,1,5.0,3.0,0.6666666666666666,0.3333333333333333,1.6666666666666667,1.0,2014-06-23
MEX,CRO,wc_only,2,2,0,0,4.0,1.0,1.0,0.0,2.0,0.5,2014-06-23
MEX,PAN,all_competitive,23,15,6,2,44.0,16.0,0.6521739130434783,0.08695652173913043,1.9130434782608696,0.6956521739130435,2025-03-23
RSA,KOR,all_competitive,1,0,0,0,0.0,0.0,0.0,0.0,0.0,0.0,2026-06-24
RSA,KOR,wc_only,1,0,0,0,0.0,0.0,0.0,0.0,0.0,0.0,2026-06-24
RSA,CZE,all_competitive,2,0,1,0,2.0,2.0,0.0,0.0,1.0,1.0,2026-06-18
RSA,CZE,wc_only,1,0,0,0,0.0,0.0,0.0,0.0,0.0,0.0,2026-06-18
RSA,BRA,all_competitive,1,0,0,1,0.0,1.0,0.0,1.0,0.0,1.0,2009-06-25
RSA,MAR,all_competitive,8,4,2,2,13.0,9.0,0.5,0.25,1.625,1.125,2024-01-30
RSA,USA,all_competitive,1,0,0,1,0.0,4.0,0.0,1.0,0.0,4.0,2000-06-03
RSA,PAR,all_competitive,1,0,1,0,2.0,2.0,0.0,0.0,2.0,2.0,2002-06-02
RSA,PAR,wc_only,1,0,1,0,2.0,2.0,0.0,0.0,2.0,2.0,2002-06-02
RSA,AUS,all_competitive,1,1,0,0,2.0,0.0,1.0,0.0,2.0,0.0,1996-09-18
RSA,CIV,all_competitive,5,1,3,1,3.0,3.0,0.2,0.2,0.6,0.6,2019-06-24
RSA,TUN,all_competitive,5,1,2,2,5.0,7.0,0.2,0.4,1.0,1.4,2024-01-24
RSA,EGY,all_competitive,7,3,1,3,4.0,4.0,0.42857142857142855,0.42857142857142855,0.5714285714285714,0.5714285714285714,2025-12-26
RSA,NZL,all_competitive,1,1,0,0,2.0,0.0,1.0,0.0,2.0,0.0,2009-06-17
RSA,ESP,all_competitive,3,0,0,3,4.0,8.0,0.0,1.0,1.3333333333333333,2.6666666666666665,2009-06-28
RSA,ESP,wc_only,1,0,0,1,2.0,3.0,0.0,1.0,2.0,3.0,2002-06-12
RSA,CPV,all_competitive,6,2,2,2,6.0,6.0,0.3333333333333333,0.3333333333333333,1.0,1.0,2024-02-03
RSA,KSA,all_competitive,1,0,1,0,2.0,2.0,0.0,0.0,2.0,2.0,1998-06-24
RSA,KSA,wc_only,1,0,1,0,2.0,2.0,0.0,0.0,2.0,2.0,1998-06-24
RSA,URU,all_competitive,2,0,0,2,3.0,7.0,0.0,1.0,1.5,3.5,2010-06-16
RSA,URU,wc_only,1,0,0,1,0.0,3.0,0.0,1.0,0.0,3.0,2010-06-16
RSA,FRA,all_competitive,2,1,0,1,2.0,4.0,0.5,0.5,1.0,2.0,2010-06-22
RSA,FRA,wc_only,2,1,0,1,2.0,4.0,0.5,0.5,1.0,2.0,2010-06-22
RSA,SEN,all_competitive,5,0,3,2,3.0,6.0,0.0,0.4,0.6,1.2,2021-07-18
RSA,IRQ,all_competitive,1,0,1,0,0.0,0.0,0.0,0.0,0.0,0.0,2009-06-14
RSA,ALG,all_competitive,4,1,2,1,7.0,8.0,0.25,0.25,1.75,2.0,2024-03-26
RSA,COD,all_competitive,7,4,2,1,8.0,5.0,0.5714285714285714,0.14285714285714285,1.1428571428571428,0.7142857142857143,2024-02-10
RSA,GHA,all_competitive,11,3,3,5,7.0,11.0,0.2727272727272727,0.45454545454545453,0.6363636363636364,1.0,2021-11-14
RSA,PAN,all_competitive,1,0,1,0,1.0,1.0,0.0,0.0,1.0,1.0,2005-07-17
KOR,CZE,all_competitive,1,0,0,0,0.0,0.0,0.0,0.0,0.0,0.0,2026-06-11
KOR,CZE,wc_only,1,0,0,0,0.0,0.0,0.0,0.0,0.0,0.0,2026-06-11
KOR,CAN,all_competitive,2,0,1,1,1.0,2.0,0.0,0.5,0.5,1.0,2002-02-02
KOR,QAT,all_competitive,9,5,1,3,16.0,11.0,0.5555555555555556,0.3333333333333333,1.7777777777777777,1.2222222222222223,2019-01-25
KOR,SUI,all_competitive,1,0,0,1,0.0,2.0,0.0,1.0,0.0,2.0,2006-06-23
KOR,SUI,wc_only,1,0,0,1,0.0,2.0,0.0,1.0,0.0,2.0,2006-06-23
KOR,BRA,all_competitive,1,0,0,1,1.0,4.0,0.0,1.0,1.0,4.0,2022-12-05
KOR,BRA,wc_only,1,0,0,1,1.0,4.0,0.0,1.0,1.0,4.0,2022-12-05
KOR,MAR,all_competitive,3,0,3,0,4.0,4.0,0.0,0.0,1.3333333333333333,1.3333333333333333,2001-02-08
KOR,USA,all_competitive,4,2,1,1,5.0,4.0,0.5,0.25,1.25,1.0,2002-06-10
KOR,USA,wc_only,1,0,1,0,1.0,1.0,0.0,0.0,1.0,1.0,2002-06-10
KOR,PAR,all_competitive,2,0,1,1,2.0,4.0,0.0,0.5,1.0,2.0,2001-01-27
KOR,AUS,all_competitive,17,4,8,5,18.0,18.0,0.23529411764705882,0.29411764705882354,1.0588235294117647,1.0588235294117647,2024-02-02
KOR,TUR,all_competitive,2,0,0,2,2.0,10.0,0.0,1.0,1.0,5.0,2002-06-29
KOR,TUR,wc_only,2,0,0,2,2.0,10.0,0.0,1.0,1.0,5.0,2002-06-29
KOR,GER,all_competitive,3,1,0,2,4.0,4.0,0.3333333333333333,0.6666666666666666,1.3333333333333333,1.3333333333333333,2018-06-27
KOR,GER,wc_only,3,1,0,2,4.0,4.0,0.3333333333333333,0.6666666666666666,1.3333333333333333,1.3333333333333333,2018-06-27
KOR,NED,all_competitive,1,0,0,1,0.0,5.0,0.0,1.0,0.0,5.0,1998-06-20
KOR,NED,wc_only,1,0,0,1,0.0,5.0,0.0,1.0,0.0,5.0,1998-06-20
KOR,JPN,all_competitive,48,24,16,8,76.0,42.0,0.5,0.16666666666666666,1.5833333333333333,0.875,2022-07-27
KOR,SWE,all_competitive,1,0,0,1,0.0,1.0,0.0,1.0,0.0,1.0,2018-06-18
KOR,SWE,wc_only,1,0,0,1,0.0,1.0,0.0,1.0,0.0,1.0,2018-06-18
KOR,BEL,all_competitive,3,0,1,2,1.0,4.0,0.0,0.6666666666666666,0.3333333333333333,1.3333333333333333,2014-06-26
KOR,BEL,wc_only,3,0,1,2,1.0,4.0,0.0,0.6666666666666666,0.3333333333333333,1.3333333333333333,2014-06-26
KOR,EGY,all_competitive,10,3,5,2,10.0,6.0,0.3,0.2,1.0,0.6,1999-06-16
KOR,IRN,all_competitive,26,7,9,10,30.0,29.0,0.2692307692307692,0.38461538461538464,1.1538461538461537,1.1153846153846154,2022-03-24
KOR,NZL,all_competitive,2,1,0,1,3.0,2.0,0.5,0.5,1.5,1.0,1980-10-15
KOR,ESP,all_competitive,3,0,2,1,3.0,5.0,0.0,0.3333333333333333,1.0,1.6666666666666667,2002-06-22
KOR,ESP,wc_only,3,0,2,1,3.0,5.0,0.0,0.3333333333333333,1.0,1.6666666666666667,2002-06-22
KOR,KSA,all_competitive,12,3,6,3,11.0,9.0,0.25,0.25,0.9166666666666666,0.75,2024-01-30
KOR,URU,all_competitive,4,0,2,2,3.0,5.0,0.0,0.5,0.75,1.25,2022-11-24
KOR,URU,wc_only,3,0,1,2,1.0,3.0,0.0,0.6666666666666666,0.3333333333333333,1.0,2022-11-24
KOR,FRA,all_competitive,2,0,1,1,1.0,6.0,0.0,0.5,0.5,3.0,2006-06-18
KOR,FRA,wc_only,1,0,1,0,1.0,1.0,0.0,0.0,1.0,1.0,2006-06-18
KOR,SEN,all_competitive,1,0,0,1,0.0,2.0,0.0,1.0,0.0,2.0,1982-08-06
KOR,IRQ,all_competitive,15,8,7,0,22.0,7.0,0.5333333333333333,0.0,1.4666666666666666,0.4666666666666667,2025-06-05
KOR,NOR,all_competitive,2,0,0,2,4.0,6.0,0.0,1.0,2.0,3.0,2001-01-24
KOR,ARG,all_competitive,2,0,0,2,2.0,7.0,0.0,1.0,1.0,3.5,2010-06-17
KOR,ARG,wc_only,2,0,0,2,2.0,7.0,0.0,1.0,1.0,3.5,2010-06-17
KOR,ALG,all_competitive,2,0,0,2,2.0,6.0,0.0,1.0,1.0,3.0,2014-06-22
KOR,ALG,wc_only,1,0,0,1,2.0,4.0,0.0,1.0,2.0,4.0,2014-06-22
KOR,JOR,all_competitive,7,2,4,1,8.0,7.0,0.2857142857142857,0.14285714285714285,1.1428571428571428,1.0,2025-03-25
KOR,POR,all_competitive,2,2,0,0,3.0,1.0,1.0,0.0,1.5,0.5,2022-12-02
KOR,POR,wc_only,2,2,0,0,3.0,1.0,1.0,0.0,1.5,0.5,2022-12-02
KOR,UZB,all_competitive,11,7,3,1,20.0,10.0,0.6363636363636364,0.09090909090909091,1.8181818181818181,0.9090909090909091,2017-09-05
KOR,COL,all_competitive,1,1,0,0,1.0,0.0,1.0,0.0,1.0,0.0,1995-01-31
KOR,CRO,all_competitive,2,1,1,0,3.0,1.0,0.5,0.0,1.5,0.5,2006-01-29
KOR,GHA,all_competitive,3,2,0,1,6.0,3.0,0.6666666666666666,0.3333333333333333,2.0,1.0,2022-11-28
KOR,GHA,wc_only,1,0,0,1,2.0,3.0,0.0,1.0,2.0,3.0,2022-11-28
CZE,BIH,all_competitive,2,2,0,0,6.0,1.0,1.0,0.0,3.0,0.5,1999-09-08
CZE,SUI,all_competitive,3,2,0,1,4.0,3.0,0.6666666666666666,0.3333333333333333,1.3333333333333333,1.0,2022-09-27
CZE,BRA,all_competitive,1,0,0,1,0.0,2.0,0.0,1.0,0.0,2.0,1997-12-19
CZE,SCO,all_competitive,7,4,1,2,11.0,8.0,0.5714285714285714,0.2857142857142857,1.5714285714285714,1.1428571428571428,2021-06-14
CZE,USA,all_competitive,1,1,0,0,3.0,0.0,1.0,0.0,3.0,0.0,2006-06-12
CZE,USA,wc_only,1,1,0,0,3.0,0.0,1.0,0.0,3.0,0.0,2006-06-12
CZE,PAR,all_competitive,1,1,0,0,1.0,0.0,1.0,0.0,1.0,0.0,1998-05-21
CZE,TUR,all_competitive,5,1,0,4,5.0,10.0,0.2,0.8,1.0,2.0,2024-06-26
CZE,GER,all_competitive,7,2,0,5,8.0,12.0,0.2857142857142857,0.7142857142857143,1.1428571428571428,1.7142857142857142,2017-09-01
CZE,NED,all_competitive,11,6,2,3,17.0,13.0,0.5454545454545454,0.2727272727272727,1.5454545454545454,1.1818181818181819,2021-06-27
CZE,JPN,all_competitive,2,0,2,0,0.0,0.0,0.0,0.0,0.0,0.0,2011-06-07
CZE,SWE,all_competitive,1,0,0,1,0.0,1.0,0.0,1.0,0.0,1.0,2022-03-24
CZE,BEL,all_competitive,4,0,1,3,1.0,6.0,0.0,0.75,0.25,1.5,2021-09-05
CZE,ESP,all_competitive,7,0,2,5,3.0,10.0,0.0,0.7142857142857143,0.42857142857142855,1.4285714285714286,2022-06-12
CZE,URU,all_competitive,2,1,0,1,2.0,2.0,0.5,0.5,1.0,1.0,1997-12-21
CZE,FRA,all_competitive,2,0,1,1,1.0,2.0,0.0,0.5,0.5,1.0,2000-06-16
CZE,NOR,all_competitive,6,4,2,0,8.0,3.0,0.6666666666666666,0.0,1.3333333333333333,0.5,2017-06-10
CZE,AUT,all_competitive,2,2,0,0,7.0,2.0,1.0,0.0,3.5,1.0,2003-10-11
CZE,POR,all_competitive,6,1,0,5,3.0,12.0,0.16666666666666666,0.8333333333333334,0.5,2.0,2024-06-18
CZE,ENG,all_competitive,3,1,0,2,2.0,7.0,0.3333333333333333,0.6666666666666666,0.6666666666666666,2.3333333333333335,2021-06-22
CZE,CRO,all_competitive,5,0,4,1,5.0,9.0,0.0,0.2,1.0,1.8,2025-10-09
CZE,GHA,all_competitive,1,0,0,1,0.0,2.0,0.0,1.0,0.0,2.0,2006-06-17
CZE,GHA,wc_only,1,0,0,1,0.0,2.0,0.0,1.0,0.0,2.0,2006-06-17
CAN,BIH,all_competitive,1,0,0,0,0.0,0.0,0.0,0.0,0.0,0.0,2026-06-12
CAN,BIH,wc_only,1,0,0,0,0.0,0.0,0.0,0.0,0.0,0.0,2026-06-12
CAN,QAT,all_competitive,1,0,0,0,0.0,0.0,0.0,0.0,0.0,0.0,2026-06-18
CAN,QAT,wc_only,1,0,0,0,0.0,0.0,0.0,0.0,0.0,0.0,2026-06-18
CAN,SUI,all_competitive,1,0,0,0,0.0,0.0,0.0,0.0,0.0,0.0,2026-06-24
CAN,SUI,wc_only,1,0,0,0,0.0,0.0,0.0,0.0,0.0,0.0,2026-06-24
CAN,BRA,all_competitive,2,0,1,1,1.0,4.0,0.0,0.5,0.5,2.0,2001-06-02
CAN,MAR,all_competitive,1,0,0,1,1.0,2.0,0.0,1.0,1.0,2.0,2022-12-01
CAN,MAR,wc_only,1,0,0,1,1.0,2.0,0.0,1.0,1.0,2.0,2022-12-01
CAN,HAI,all_competitive,11,8,2,1,22.0,7.0,0.7272727272727273,0.09090909090909091,2.0,0.6363636363636364,2021-07-15
CAN,USA,all_competitive,27,9,6,12,38.0,44.0,0.3333333333333333,0.4444444444444444,1.4074074074074074,1.6296296296296295,2025-03-23
CAN,AUS,all_competitive,2,1,0,1,3.0,3.0,0.5,0.5,1.5,1.5,1993-08-15
CAN,CUW,all_competitive,3,2,1,0,7.0,1.0,0.6666666666666666,0.0,2.3333333333333335,0.3333333333333333,2025-06-21
CAN,CIV,all_competitive,1,0,1,0,0.0,0.0,0.0,0.0,0.0,0.0,2025-06-10
CAN,ECU,all_competitive,1,0,0,1,0.0,2.0,0.0,1.0,0.0,2.0,2002-01-22
CAN,JPN,all_competitive,1,0,0,1,0.0,3.0,0.0,1.0,0.0,3.0,2001-05-31
CAN,BEL,all_competitive,2,0,0,2,2.0,6.0,0.0,1.0,1.0,3.0,2022-11-23
CAN,BEL,wc_only,1,0,0,1,0.0,1.0,0.0,1.0,0.0,1.0,2022-11-23
CAN,URU,all_competitive,2,0,1,1,3.0,5.0,0.0,0.5,1.5,2.5,2024-07-13
CAN,FRA,all_competitive,1,0,0,1,0.0,1.0,0.0,1.0,0.0,1.0,1986-06-01
CAN,FRA,wc_only,1,0,0,1,0.0,1.0,0.0,1.0,0.0,1.0,1986-06-01
CAN,IRQ,all_competitive,1,0,0,1,1.0,6.0,0.0,1.0,1.0,6.0,1985-06-09
CAN,ARG,all_competitive,2,0,0,2,0.0,4.0,0.0,1.0,0.0,2.0,2024-07-09
CAN,COL,all_competitive,1,1,0,0,2.0,0.0,1.0,0.0,2.0,0.0,2000-02-27
CAN,CRO,all_competitive,1,0,0,1,1.0,4.0,0.0,1.0,1.0,4.0,2022-11-27
CAN,CRO,wc_only,1,0,0,1,1.0,4.0,0.0,1.0,1.0,4.0,2022-11-27
CAN,GHA,all_competitive,1,1,0,0,2.0,1.0,1.0,0.0,2.0,1.0,1985-06-02
CAN,PAN,all_competitive,11,5,4,2,12.0,6.0,0.45454545454545453,0.18181818181818182,1.0909090909090908,0.5454545454545454,2023-06-15
BIH,QAT,all_competitive,1,0,0,0,0.0,0.0,0.0,0.0,0.0,0.0,2026-06-24
BIH,QAT,wc_only,1,0,0,0,0.0,0.0,0.0,0.0,0.0,0.0,2026-06-24
BIH,SUI,all_competitive,1,0,0,0,0.0,0.0,0.0,0.0,0.0,0.0,2026-06-18
BIH,SUI,wc_only,1,0,0,0,0.0,0.0,0.0,0.0,0.0,0.0,2026-06-18
BIH,SCO,all_competitive,2,0,0,2,1.0,3.0,0.0,1.0,0.5,1.5,1999-10-05
BIH,TUR,all_competitive,4,1,1,2,5.0,6.0,0.25,0.5,1.25,1.5,2009-09-09
BIH,GER,all_competitive,2,0,0,2,1.0,9.0,0.0,1.0,0.5,4.5,2024-11-16
BIH,NED,all_competitive,4,0,2,2,4.0,9.0,0.0,0.5,1.0,2.25,2024-11-19
BIH,JPN,all_competitive,1,1,0,0,2.0,1.0,1.0,0.0,2.0,1.0,2016-06-07
BIH,BEL,all_competitive,8,3,1,4,13.0,19.0,0.375,0.5,1.625,2.375,2017-10-07
BIH,IRN,all_competitive,1,1,0,0,3.0,1.0,1.0,0.0,3.0,1.0,2014-06-25
BIH,IRN,wc_only,1,1,0,0,3.0,1.0,1.0,0.0,3.0,1.0,2014-06-25
BIH,ESP,all_competitive,6,0,2,4,6.0,14.0,0.0,0.6666666666666666,1.0,2.3333333333333335,2009-10-14
BIH,FRA,all_competitive,4,0,2,2,2.0,5.0,0.0,0.5,0.5,1.25,2021-09-01
BIH,NOR,all_competitive,4,2,0,2,3.0,5.0,0.5,0.5,0.75,1.25,2007-10-17
BIH,ARG,all_competitive,1,0,0,1,1.0,2.0,0.0,1.0,1.0,2.0,2014-06-15
BIH,ARG,wc_only,1,0,0,1,1.0,2.0,0.0,1.0,1.0,2.0,2014-06-15
BIH,AUT,all_competitive,6,1,3,2,4.0,6.0,0.16666666666666666,0.3333333333333333,0.6666666666666666,1.0,2025-11-18
BIH,POR,all_competitive,6,0,1,5,2.0,16.0,0.0,0.8333333333333334,0.3333333333333333,2.6666666666666665,2023-10-16
BIH,UZB,all_competitive,1,0,0,1,1.0,2.0,0.0,1.0,1.0,2.0,2001-06-30
BIH,CRO,all_competitive,2,0,0,2,3.0,7.0,0.0,1.0,1.5,3.5,1997-09-06
QAT,SUI,all_competitive,1,0,0,0,0.0,0.0,0.0,0.0,0.0,0.0,2026-06-13
QAT,SUI,wc_only,1,0,0,0,0.0,0.0,0.0,0.0,0.0,0.0,2026-06-13
QAT,HAI,all_competitive,1,0,0,1,1.0,2.0,0.0,1.0,1.0,2.0,2023-06-25
QAT,USA,all_competitive,1,0,0,1,0.0,1.0,0.0,1.0,0.0,1.0,2021-07-29
QAT,PAR,all_competitive,1,0,1,0,2.0,2.0,0.0,0.0,2.0,2.0,2019-06-16
QAT,AUS,all_competitive,4,0,1,3,1.0,10.0,0.0,0.75,0.25,2.5,2009-06-06
QAT,ECU,all_competitive,1,0,0,1,0.0,2.0,0.0,1.0,0.0,2.0,2022-11-20
QAT,ECU,wc_only,1,0,0,1,0.0,2.0,0.0,1.0,0.0,2.0,2022-11-20
QAT,NED,all_competitive,1,0,0,1,0.0,2.0,0.0,1.0,0.0,2.0,2022-11-29
QAT,NED,wc_only,1,0,0,1,0.0,2.0,0.0,1.0,0.0,2.0,2022-11-29
QAT,JPN,all_competitive,8,2,4,2,12.0,11.0,0.25,0.25,1.5,1.375,2019-02-01
QAT,SWE,all_competitive,2,0,1,1,2.0,3.0,0.0,0.5,1.0,1.5,2003-02-16
QAT,TUN,all_competitive,1,0,0,1,0.0,3.0,0.0,1.0,0.0,3.0,2025-12-07
QAT,EGY,all_competitive,1,0,1,0,0.0,0.0,0.0,0.0,0.0,0.0,2021-12-18
QAT,IRN,all_competitive,16,3,3,10,14.0,31.0,0.1875,0.625,0.875,1.9375,2025-06-05
QAT,KSA,all_competitive,38,6,15,17,28.0,50.0,0.15789473684210525,0.4473684210526316,0.7368421052631579,1.3157894736842106,2019-12-05
QAT,SEN,all_competitive,1,0,0,1,1.0,3.0,0.0,1.0,1.0,3.0,2022-11-25
QAT,SEN,wc_only,1,0,0,1,1.0,3.0,0.0,1.0,1.0,3.0,2022-11-25
QAT,IRQ,all_competitive,23,7,5,11,25.0,29.0,0.30434782608695654,0.4782608695652174,1.0869565217391304,1.2608695652173914,2023-01-16
QAT,ARG,all_competitive,1,0,0,1,0.0,2.0,0.0,1.0,0.0,2.0,2019-06-23
QAT,ALG,all_competitive,2,0,0,2,1.0,5.0,0.0,1.0,0.5,2.5,2021-12-15
QAT,JOR,all_competitive,13,8,2,3,19.0,9.0,0.6153846153846154,0.23076923076923078,1.4615384615384615,0.6923076923076923,2024-02-10
QAT,UZB,all_competitive,15,3,3,9,14.0,28.0,0.2,0.6,0.9333333333333333,1.8666666666666667,2025-06-10
QAT,COL,all_competitive,1,0,0,1,0.0,1.0,0.0,1.0,0.0,1.0,2019-06-19
QAT,PAN,all_competitive,2,0,1,1,3.0,7.0,0.0,0.5,1.5,3.5,2023-07-08
SUI,BRA,all_competitive,3,0,2,1,3.0,4.0,0.0,0.3333333333333333,1.0,1.3333333333333333,2022-11-28
SUI,BRA,wc_only,3,0,2,1,3.0,4.0,0.0,0.3333333333333333,1.0,1.3333333333333333,2022-11-28
SUI,SCO,all_competitive,10,2,4,4,15.0,15.0,0.2,0.4,1.5,1.5,2024-06-19
SUI,USA,all_competitive,2,1,1,0,2.0,1.0,0.5,0.0,1.0,0.5,1994-06-18
SUI,USA,wc_only,1,0,1,0,1.0,1.0,0.0,0.0,1.0,1.0,1994-06-18
SUI,TUR,all_competitive,10,3,2,5,13.0,15.0,0.3,0.5,1.3,1.5,2021-06-20
SUI,GER,all_competitive,8,1,4,3,11.0,19.0,0.125,0.375,1.375,2.375,2024-06-23
SUI,GER,wc_only,4,1,1,2,6.0,10.0,0.25,0.5,1.5,2.5,1966-07-12
SUI,ECU,all_competitive,1,1,0,0,2.0,1.0,1.0,0.0,2.0,1.0,2014-06-15
SUI,ECU,wc_only,1,1,0,0,2.0,1.0,1.0,0.0,2.0,1.0,2014-06-15
SUI,NED,all_competitive,8,2,2,4,8.0,15.0,0.25,0.5,1.0,1.875,1996-06-13
SUI,NED,wc_only,1,1,0,0,3.0,2.0,1.0,0.0,3.0,2.0,1934-05-27
SUI,SWE,all_competitive,13,6,2,5,20.0,19.0,0.46153846153846156,0.38461538461538464,1.5384615384615385,1.4615384615384615,2025-11-15
SUI,SWE,wc_only,1,0,0,1,0.0,1.0,0.0,1.0,0.0,1.0,2018-07-03
SUI,BEL,all_competitive,8,4,1,3,17.0,14.0,0.5,0.375,2.125,1.75,2018-11-18
SUI,ESP,all_competitive,12,2,3,7,12.0,23.0,0.16666666666666666,0.5833333333333334,1.0,1.9166666666666667,2024-11-18
SUI,ESP,wc_only,3,1,0,2,2.0,5.0,0.3333333333333333,0.6666666666666666,0.6666666666666666,1.6666666666666667,2010-06-16
SUI,URU,all_competitive,1,0,0,1,0.0,3.0,0.0,1.0,0.0,3.0,1924-06-09
SUI,FRA,all_competitive,8,0,5,3,8.0,14.0,0.0,0.375,1.0,1.75,2021-06-28
SUI,FRA,wc_only,2,0,1,1,2.0,5.0,0.0,0.5,1.0,2.5,2014-06-20
SUI,NOR,all_competitive,10,3,3,4,8.0,12.0,0.3,0.4,0.8,1.2,2013-09-10
SUI,ARG,all_competitive,2,0,0,2,0.0,3.0,0.0,1.0,0.0,1.5,2014-07-01
SUI,ARG,wc_only,2,0,0,2,0.0,3.0,0.0,1.0,0.0,1.5,2014-07-01
SUI,AUT,all_competitive,14,1,1,12,22.0,49.0,0.07142857142857142,0.8571428571428571,1.5714285714285714,3.5,1988-02-05
SUI,AUT,wc_only,1,0,0,1,5.0,7.0,0.0,1.0,5.0,7.0,1954-06-26
SUI,POR,all_competitive,16,5,4,7,16.0,25.0,0.3125,0.4375,1.0,1.5625,2022-12-06
SUI,POR,wc_only,1,0,0,1,1.0,6.0,0.0,1.0,1.0,6.0,2022-12-06
SUI,COL,all_competitive,2,1,0,1,3.0,4.0,0.5,0.5,1.5,2.0,1994-06-26
SUI,COL,wc_only,1,0,0,1,0.0,2.0,0.0,1.0,0.0,2.0,1994-06-26
SUI,ENG,all_competitive,13,1,5,7,11.0,23.0,0.07692307692307693,0.5384615384615384,0.8461538461538461,1.7692307692307692,2024-07-06
SUI,ENG,wc_only,1,0,0,1,0.0,2.0,0.0,1.0,0.0,2.0,1954-06-20
SUI,CRO,all_competitive,1,0,1,0,0.0,0.0,0.0,0.0,0.0,0.0,2004-06-13
BRA,MAR,all_competitive,2,1,0,0,3.0,0.0,0.5,0.0,1.5,0.0,2026-06-13
BRA,MAR,wc_only,2,1,0,0,3.0,0.0,0.5,0.0,1.5,0.0,2026-06-13
BRA,HAI,all_competitive,2,1,0,0,7.0,1.0,0.5,0.0,3.5,0.5,2026-06-19
BRA,HAI,wc_only,1,0,0,0,0.0,0.0,0.0,0.0,0.0,0.0,2026-06-19
BRA,SCO,all_competitive,7,5,1,0,10.0,2.0,0.7142857142857143,0.0,1.4285714285714286,0.2857142857142857,2026-06-24
BRA,SCO,wc_only,5,3,1,0,7.0,2.0,0.6,0.0,1.4,0.4,2026-06-24
BRA,USA,all_competitive,10,9,0,1,15.0,4.0,0.9,0.1,1.5,0.4,2009-06-28
BRA,USA,wc_only,1,1,0,0,1.0,0.0,1.0,0.0,1.0,0.0,1994-07-04
BRA,PAR,all_competitive,69,39,19,11,148.0,58.0,0.5652173913043478,0.15942028985507245,2.1449275362318843,0.8405797101449275,2025-06-10
BRA,AUS,all_competitive,4,2,1,1,8.0,1.0,0.5,0.25,2.0,0.25,2006-06-18
BRA,AUS,wc_only,1,1,0,0,2.0,0.0,1.0,0.0,2.0,0.0,2006-06-18
BRA,TUR,all_competitive,3,2,1,0,5.0,3.0,0.6666666666666666,0.0,1.6666666666666667,1.0,2003-06-23
BRA,TUR,wc_only,2,2,0,0,3.0,1.0,1.0,0.0,1.5,0.5,2002-06-26
BRA,GER,all_competitive,6,4,1,1,17.0,13.0,0.6666666666666666,0.16666666666666666,2.8333333333333335,2.1666666666666665,2014-07-08
BRA,GER,wc_only,2,1,0,1,3.0,7.0,0.5,0.5,1.5,3.5,2014-07-08
BRA,CIV,all_competitive,1,1,0,0,3.0,1.0,1.0,0.0,3.0,1.0,2010-06-20
BRA,CIV,wc_only,1,1,0,0,3.0,1.0,1.0,0.0,3.0,1.0,2010-06-20
BRA,ECU,all_competitive,29,20,7,2,74.0,18.0,0.6896551724137931,0.06896551724137931,2.5517241379310347,0.6206896551724138,2025-06-05
BRA,NED,all_competitive,5,1,1,3,5.0,10.0,0.2,0.6,1.0,2.0,2014-07-12
BRA,NED,wc_only,5,1,1,3,5.0,10.0,0.2,0.6,1.0,2.0,2014-07-12
BRA,JPN,all_competitive,5,2,2,1,11.0,6.0,0.4,0.2,2.2,1.2,2025-10-14
BRA,JPN,wc_only,1,1,0,0,4.0,1.0,1.0,0.0,4.0,1.0,2006-06-22
BRA,SWE,all_competitive,7,5,2,0,21.0,8.0,0.7142857142857143,0.0,3.0,1.1428571428571428,1994-07-13
BRA,SWE,wc_only,7,5,2,0,21.0,8.0,0.7142857142857143,0.0,3.0,1.1428571428571428,1994-07-13
BRA,BEL,all_competitive,2,1,0,1,3.0,2.0,0.5,0.5,1.5,1.0,2018-07-06
BRA,BEL,wc_only,2,1,0,1,3.0,2.0,0.5,0.5,1.5,1.0,2018-07-06
BRA,EGY,all_competitive,1,1,0,0,4.0,3.0,1.0,0.0,4.0,3.0,2009-06-15
BRA,NZL,all_competitive,2,2,0,0,6.0,0.0,1.0,0.0,3.0,0.0,1999-07-30
BRA,NZL,wc_only,1,1,0,0,4.0,0.0,1.0,0.0,4.0,0.0,1982-06-23
BRA,ESP,all_competitive,6,4,1,1,13.0,5.0,0.6666666666666666,0.16666666666666666,2.1666666666666665,0.8333333333333334,2013-06-30
BRA,ESP,wc_only,5,3,1,1,10.0,5.0,0.6,0.2,2.0,1.0,1986-06-01
BRA,KSA,all_competitive,2,2,0,0,11.0,2.0,1.0,0.0,5.5,1.0,1999-08-01
BRA,URU,all_competitive,66,27,21,18,113.0,92.0,0.4090909090909091,0.2727272727272727,1.7121212121212122,1.393939393939394,2024-11-19
BRA,URU,wc_only,2,1,0,1,4.0,3.0,0.5,0.5,2.0,1.5,1970-06-17
BRA,FRA,all_competitive,6,1,2,3,8.0,10.0,0.16666666666666666,0.5,1.3333333333333333,1.6666666666666667,2006-07-01
BRA,FRA,wc_only,4,1,1,2,6.0,7.0,0.25,0.5,1.5,1.75,2006-07-01
BRA,NOR,all_competitive,1,0,0,1,1.0,2.0,0.0,1.0,1.0,2.0,1998-06-23
BRA,NOR,wc_only,1,0,0,1,1.0,2.0,0.0,1.0,1.0,2.0,1998-06-23
BRA,ARG,all_competitive,87,34,19,34,132.0,133.0,0.39080459770114945,0.39080459770114945,1.5172413793103448,1.528735632183908,2025-03-25
BRA,ARG,wc_only,4,2,1,1,5.0,3.0,0.5,0.25,1.25,0.75,1990-06-24
BRA,ALG,all_competitive,1,1,0,0,1.0,0.0,1.0,0.0,1.0,0.0,1986-06-06
BRA,ALG,wc_only,1,1,0,0,1.0,0.0,1.0,0.0,1.0,0.0,1986-06-06
BRA,AUT,all_competitive,2,2,0,0,4.0,0.0,1.0,0.0,2.0,0.0,1978-06-11
BRA,AUT,wc_only,2,2,0,0,4.0,0.0,1.0,0.0,2.0,0.0,1978-06-11
BRA,POR,all_competitive,3,1,1,1,2.0,3.0,0.3333333333333333,0.3333333333333333,0.6666666666666666,1.0,2010-06-25
BRA,POR,wc_only,2,0,1,1,1.0,3.0,0.0,0.5,0.5,1.5,2010-06-25
BRA,COD,all_competitive,1,1,0,0,3.0,0.0,1.0,0.0,3.0,0.0,1974-06-22
BRA,COD,wc_only,1,1,0,0,3.0,0.0,1.0,0.0,3.0,0.0,1974-06-22
BRA,COL,all_competitive,30,18,9,3,60.0,15.0,0.6,0.1,2.0,0.5,2025-03-20
BRA,COL,wc_only,1,1,0,0,2.0,1.0,1.0,0.0,2.0,1.0,2014-07-04
BRA,ENG,all_competitive,7,4,3,0,9.0,4.0,0.5714285714285714,0.0,1.2857142857142858,0.5714285714285714,2002-06-21
BRA,ENG,wc_only,4,3,1,0,6.0,2.0,0.75,0.0,1.5,0.5,2002-06-21
BRA,CRO,all_competitive,3,2,1,0,5.0,2.0,0.6666666666666666,0.0,1.6666666666666667,0.6666666666666666,2022-12-09
BRA,CRO,wc_only,3,2,1,0,5.0,2.0,0.6666666666666666,0.0,1.6666666666666667,0.6666666666666666,2022-12-09
BRA,GHA,all_competitive,1,1,0,0,3.0,0.0,1.0,0.0,3.0,0.0,2006-06-27
BRA,GHA,wc_only,1,1,0,0,3.0,0.0,1.0,0.0,3.0,0.0,2006-06-27
BRA,PAN,all_competitive,1,1,0,0,5.0,0.0,1.0,0.0,5.0,0.0,1952-04-13
MAR,HAI,all_competitive,1,0,0,0,0.0,0.0,0.0,0.0,0.0,0.0,2026-06-24
MAR,HAI,wc_only,1,0,0,0,0.0,0.0,0.0,0.0,0.0,0.0,2026-06-24
MAR,SCO,all_competitive,2,1,0,0,3.0,0.0,0.5,0.0,1.5,0.0,2026-06-19
MAR,SCO,wc_only,2,1,0,0,3.0,0.0,0.5,0.0,1.5,0.0,2026-06-19
MAR,AUS,all_competitive,1,0,0,1,0.0,1.0,0.0,1.0,0.0,1.0,1987-06-09
MAR,GER,all_competitive,2,0,0,2,1.0,3.0,0.0,1.0,0.5,1.5,1986-06-17
MAR,GER,wc_only,2,0,0,2,1.0,3.0,0.0,1.0,0.5,1.5,1986-06-17
MAR,CIV,all_competitive,15,6,5,4,18.0,14.0,0.4,0.26666666666666666,1.2,0.9333333333333333,2019-06-28
MAR,NED,all_competitive,1,0,0,1,1.0,2.0,0.0,1.0,1.0,2.0,1994-06-29
MAR,NED,wc_only,1,0,0,1,1.0,2.0,0.0,1.0,1.0,2.0,1994-06-29
MAR,TUN,all_competitive,23,5,13,5,27.0,26.0,0.21739130434782608,0.21739130434782608,1.173913043478261,1.1304347826086956,2012-01-23
MAR,BEL,all_competitive,2,1,0,1,2.0,1.0,0.5,0.5,1.0,0.5,2022-11-27
MAR,BEL,wc_only,2,1,0,1,2.0,1.0,0.5,0.5,1.0,0.5,2022-11-27
MAR,EGY,all_competitive,20,9,7,4,20.0,10.0,0.45,0.2,1.0,0.5,2022-01-30
MAR,IRN,all_competitive,2,0,1,1,1.0,2.0,0.0,0.5,0.5,1.0,2018-06-15
MAR,IRN,wc_only,1,0,0,1,0.0,1.0,0.0,1.0,0.0,1.0,2018-06-15
MAR,NZL,all_competitive,1,1,0,0,3.0,0.0,1.0,0.0,3.0,0.0,1980-10-26
MAR,ESP,all_competitive,4,0,2,2,4.0,6.0,0.0,0.5,1.0,1.5,2022-12-06
MAR,ESP,wc_only,2,0,2,0,2.0,2.0,0.0,0.0,1.0,1.0,2022-12-06
MAR,CPV,all_competitive,3,2,1,0,4.0,1.0,0.6666666666666666,0.0,1.3333333333333333,0.3333333333333333,2016-03-29
MAR,KSA,all_competitive,3,2,0,1,3.0,2.0,0.6666666666666666,0.3333333333333333,1.0,0.6666666666666666,2025-12-08
MAR,KSA,wc_only,1,0,0,1,1.0,2.0,0.0,1.0,1.0,2.0,1994-06-25
MAR,FRA,all_competitive,4,0,1,3,4.0,11.0,0.0,0.75,1.0,2.75,2022-12-14
MAR,FRA,wc_only,1,0,0,1,0.0,2.0,0.0,1.0,0.0,2.0,2022-12-14
MAR,SEN,all_competitive,15,9,3,3,22.0,7.0,0.6,0.2,1.4666666666666666,0.4666666666666667,2026-01-18
MAR,NOR,all_competitive,1,0,1,0,2.0,2.0,0.0,0.0,2.0,2.0,1998-06-10
MAR,NOR,wc_only,1,0,1,0,2.0,2.0,0.0,0.0,2.0,2.0,1998-06-10
MAR,ALG,all_competitive,14,7,3,4,21.0,13.0,0.5,0.2857142857142857,1.5,0.9285714285714286,2021-12-11
MAR,AUT,all_competitive,1,1,0,0,3.0,1.0,1.0,0.0,3.0,1.0,1988-02-02
MAR,JOR,all_competitive,2,2,0,0,7.0,2.0,1.0,0.0,3.5,1.0,2025-12-18
MAR,POR,all_competitive,3,2,0,1,4.0,2.0,0.6666666666666666,0.3333333333333333,1.3333333333333333,0.6666666666666666,2022-12-10
MAR,POR,wc_only,3,2,0,1,4.0,2.0,0.6666666666666666,0.3333333333333333,1.3333333333333333,0.6666666666666666,2022-12-10
MAR,COD,all_competitive,13,3,8,2,12.0,11.0,0.23076923076923078,0.15384615384615385,0.9230769230769231,0.8461538461538461,2024-01-21
MAR,ENG,all_competitive,2,0,1,1,0.0,1.0,0.0,0.5,0.0,0.5,1998-05-27
MAR,ENG,wc_only,1,0,1,0,0.0,0.0,0.0,0.0,0.0,0.0,1986-06-06
MAR,CRO,all_competitive,3,0,2,1,3.0,4.0,0.0,0.3333333333333333,1.0,1.3333333333333333,2022-12-17
MAR,CRO,wc_only,2,0,1,1,1.0,2.0,0.0,0.5,0.5,1.0,2022-12-17
MAR,GHA,all_competitive,10,5,3,2,8.0,6.0,0.5,0.2,0.8,0.6,2022-01-10
HAI,SCO,all_competitive,1,0,0,0,0.0,0.0,0.0,0.0,0.0,0.0,2026-06-13
HAI,SCO,wc_only,1,0,0,0,0.0,0.0,0.0,0.0,0.0,0.0,2026-06-13
HAI,USA,all_competitive,9,2,1,6,8.0,15.0,0.2222222222222222,0.6666666666666666,0.8888888888888888,1.6666666666666667,2025-06-22
HAI,CUW,all_competitive,18,10,5,3,35.0,16.0,0.5555555555555556,0.16666666666666666,1.9444444444444444,0.8888888888888888,2025-06-10
HAI,ECU,all_competitive,2,1,0,1,2.0,4.0,0.5,0.5,1.0,2.0,2016-06-12
HAI,JPN,all_competitive,1,0,1,0,3.0,3.0,0.0,0.0,3.0,3.0,2017-10-10
HAI,KSA,all_competitive,1,0,0,1,0.0,1.0,0.0,1.0,0.0,1.0,2025-06-15
HAI,ARG,all_competitive,1,0,0,1,1.0,4.0,0.0,1.0,1.0,4.0,1974-06-23
HAI,ARG,wc_only,1,0,0,1,1.0,4.0,0.0,1.0,1.0,4.0,1974-06-23
HAI,PAN,all_competitive,4,1,2,1,4.0,3.0,0.25,0.25,1.0,0.75,2016-03-29
SCO,PAR,all_competitive,1,0,0,1,2.0,3.0,0.0,1.0,2.0,3.0,1958-06-11
SCO,PAR,wc_only,1,0,0,1,2.0,3.0,0.0,1.0,2.0,3.0,1958-06-11
SCO,AUS,all_competitive,2,1,1,0,2.0,0.0,0.5,0.0,1.0,0.0,1985-12-04
SCO,GER,all_competitive,9,0,2,7,10.0,21.0,0.0,0.7777777777777778,1.1111111111111112,2.3333333333333335,2024-06-14
SCO,GER,wc_only,1,0,0,1,1.0,2.0,0.0,1.0,1.0,2.0,1986-06-08
SCO,ECU,all_competitive,1,1,0,0,2.0,1.0,1.0,0.0,2.0,1.0,1995-05-24
SCO,NED,all_competitive,7,2,1,4,4.0,13.0,0.2857142857142857,0.5714285714285714,0.5714285714285714,1.8571428571428572,2009-09-09
SCO,NED,wc_only,1,1,0,0,3.0,2.0,1.0,0.0,3.0,2.0,1978-06-11
SCO,JPN,all_competitive,2,0,2,0,0.0,0.0,0.0,0.0,0.0,0.0,2006-05-13
SCO,SWE,all_competitive,5,4,0,1,7.0,3.0,0.8,0.2,1.4,0.6,1997-04-30
SCO,SWE,wc_only,1,1,0,0,2.0,1.0,1.0,0.0,2.0,1.0,1990-06-16
SCO,BEL,all_competitive,14,2,2,10,10.0,31.0,0.14285714285714285,0.7142857142857143,0.7142857142857143,2.2142857142857144,2019-09-09
SCO,IRN,all_competitive,1,0,1,0,1.0,1.0,0.0,0.0,1.0,1.0,1978-06-07
SCO,IRN,wc_only,1,0,1,0,1.0,1.0,0.0,0.0,1.0,1.0,1978-06-07
SCO,NZL,all_competitive,1,1,0,0,5.0,2.0,1.0,0.0,5.0,2.0,1982-06-15
SCO,NZL,wc_only,1,1,0,0,5.0,2.0,1.0,0.0,5.0,2.0,1982-06-15
SCO,ESP,all_competitive,10,3,1,6,15.0,19.0,0.3,0.6,1.5,1.9,2023-10-12
SCO,URU,all_competitive,2,0,1,1,0.0,7.0,0.0,0.5,0.0,3.5,1986-06-13
SCO,URU,wc_only,2,0,1,1,0.0,7.0,0.0,0.5,0.0,3.5,1986-06-13
SCO,FRA,all_competitive,5,3,0,2,5.0,5.0,0.6,0.4,1.0,1.0,2007-09-12
SCO,FRA,wc_only,1,0,0,1,1.0,2.0,0.0,1.0,1.0,2.0,1958-06-15
SCO,NOR,all_competitive,11,5,4,2,18.0,15.0,0.45454545454545453,0.18181818181818182,1.6363636363636365,1.3636363636363635,2023-11-19
SCO,NOR,wc_only,1,0,1,0,1.0,1.0,0.0,0.0,1.0,1.0,1998-06-16
SCO,AUT,all_competitive,9,3,3,3,10.0,10.0,0.3333333333333333,0.3333333333333333,1.1111111111111112,1.1111111111111112,2021-09-07
SCO,AUT,wc_only,1,0,0,1,0.0,1.0,0.0,1.0,0.0,1.0,1954-06-16
SCO,POR,all_competitive,10,2,3,5,8.0,14.0,0.2,0.5,0.8,1.4,2024-10-15
SCO,COD,all_competitive,1,1,0,0,2.0,0.0,1.0,0.0,2.0,0.0,1974-06-14
SCO,COD,wc_only,1,1,0,0,2.0,0.0,1.0,0.0,2.0,0.0,1974-06-14
SCO,COL,all_competitive,1,0,1,0,0.0,0.0,0.0,0.0,0.0,0.0,1988-05-17
SCO,ENG,all_competitive,100,33,24,43,129.0,169.0,0.33,0.43,1.29,1.69,2021-06-18
SCO,CRO,all_competitive,7,3,2,2,7.0,6.0,0.42857142857142855,0.2857142857142857,1.0,0.8571428571428571,2024-11-15
USA,PAR,all_competitive,4,2,0,1,5.0,3.0,0.5,0.25,1.25,0.75,2026-06-12
USA,PAR,wc_only,2,1,0,0,3.0,0.0,0.5,0.0,1.5,0.0,2026-06-12
USA,AUS,all_competitive,1,0,0,0,0.0,0.0,0.0,0.0,0.0,0.0,2026-06-19
USA,AUS,wc_only,1,0,0,0,0.0,0.0,0.0,0.0,0.0,0.0,2026-06-19
USA,TUR,all_competitive,2,0,0,1,1.0,2.0,0.0,0.5,0.5,1.0,2026-06-25
USA,TUR,wc_only,1,0,0,0,0.0,0.0,0.0,0.0,0.0,0.0,2026-06-25
USA,GER,all_competitive,5,1,0,4,5.0,8.0,0.2,0.8,1.0,1.6,2014-06-26
USA,GER,wc_only,3,0,0,3,0.0,4.0,0.0,1.0,0.0,1.3333333333333333,2014-06-26
USA,CUW,all_competitive,3,2,1,0,5.0,0.0,0.6666666666666666,0.0,1.6666666666666667,0.0,2019-06-30
USA,CIV,all_competitive,1,1,0,0,5.0,2.0,1.0,0.0,5.0,2.0,1992-10-19
USA,ECU,all_competitive,2,1,0,1,2.0,3.0,0.5,0.5,1.0,1.5,2016-06-16
USA,NED,all_competitive,1,0,0,1,1.0,3.0,0.0,1.0,1.0,3.0,2022-12-03
USA,NED,wc_only,1,0,0,1,1.0,3.0,0.0,1.0,1.0,3.0,2022-12-03
USA,JPN,all_competitive,2,0,0,2,1.0,5.0,0.0,1.0,0.5,2.5,2022-09-23
USA,SWE,all_competitive,1,0,0,1,1.0,3.0,0.0,1.0,1.0,3.0,1994-02-20
USA,BEL,all_competitive,3,1,0,2,4.0,9.0,0.3333333333333333,0.6666666666666666,1.3333333333333333,3.0,2014-07-01
USA,BEL,wc_only,2,1,0,1,4.0,2.0,0.5,0.5,2.0,1.0,2014-07-01
USA,EGY,all_competitive,2,1,0,1,4.0,3.0,0.5,0.5,2.0,1.5,2009-06-21
USA,IRN,all_competitive,2,1,0,1,2.0,2.0,0.5,0.5,1.0,1.0,2022-11-29
USA,IRN,wc_only,2,1,0,1,2.0,2.0,0.5,0.5,1.0,1.0,2022-11-29
USA,NZL,all_competitive,1,1,0,0,2.0,1.0,1.0,0.0,2.0,1.0,1999-07-24
USA,ESP,all_competitive,2,1,0,1,3.0,3.0,0.5,0.5,1.5,1.5,2009-06-24
USA,ESP,wc_only,1,0,0,1,1.0,3.0,0.0,1.0,1.0,3.0,1950-06-25
USA,KSA,all_competitive,3,2,0,1,3.0,3.0,0.6666666666666666,0.3333333333333333,1.0,1.0,2025-06-19
USA,URU,all_competitive,3,0,0,3,0.0,5.0,0.0,1.0,0.0,1.6666666666666667,2024-07-01
USA,ARG,all_competitive,5,1,0,4,7.0,25.0,0.2,0.8,1.4,5.0,2016-06-21
USA,ARG,wc_only,1,0,0,1,1.0,6.0,0.0,1.0,1.0,6.0,1930-07-26
USA,ALG,all_competitive,1,1,0,0,1.0,0.0,1.0,0.0,1.0,0.0,2010-06-23
USA,ALG,wc_only,1,1,0,0,1.0,0.0,1.0,0.0,1.0,0.0,2010-06-23
USA,AUT,all_competitive,1,0,0,1,1.0,2.0,0.0,1.0,1.0,2.0,1990-06-19
USA,AUT,wc_only,1,0,0,1,1.0,2.0,0.0,1.0,1.0,2.0,1990-06-19
USA,POR,all_competitive,3,2,1,0,6.0,4.0,0.6666666666666666,0.0,2.0,1.3333333333333333,2014-06-22
USA,POR,wc_only,2,1,1,0,5.0,4.0,0.5,0.0,2.5,2.0,2014-06-22
USA,COL,all_competitive,8,1,3,4,6.0,12.0,0.125,0.5,0.75,1.5,2016-06-25
USA,COL,wc_only,1,1,0,0,2.0,1.0,1.0,0.0,2.0,1.0,1994-06-22
USA,ENG,all_competitive,4,2,2,0,4.0,1.0,0.5,0.0,1.0,0.25,2022-11-25
USA,ENG,wc_only,3,1,2,0,2.0,1.0,0.3333333333333333,0.0,0.6666666666666666,0.3333333333333333,2022-11-25
USA,GHA,all_competitive,3,1,0,2,4.0,5.0,0.3333333333333333,0.6666666666666666,1.3333333333333333,1.6666666666666667,2014-06-16
USA,GHA,wc_only,3,1,0,2,4.0,5.0,0.3333333333333333,0.6666666666666666,1.3333333333333333,1.6666666666666667,2014-06-16
USA,PAN,all_competitive,24,13,7,4,42.0,18.0,0.5416666666666666,0.16666666666666666,1.75,0.75,2025-03-20
PAR,AUS,all_competitive,1,0,0,0,0.0,0.0,0.0,0.0,0.0,0.0,2026-06-25
PAR,AUS,wc_only,1,0,0,0,0.0,0.0,0.0,0.0,0.0,0.0,2026-06-25
PAR,TUR,all_competitive,1,0,0,0,0.0,0.0,0.0,0.0,0.0,0.0,2026-06-19
PAR,TUR,wc_only,1,0,0,0,0.0,0.0,0.0,0.0,0.0,0.0,2026-06-19
PAR,GER,all_competitive,1,0,0,1,0.0,1.0,0.0,1.0,0.0,1.0,2002-06-15
PAR,GER,wc_only,1,0,0,1,0.0,1.0,0.0,1.0,0.0,1.0,2002-06-15
PAR,CIV,all_competitive,1,0,1,0,1.0,1.0,0.0,0.0,1.0,1.0,2008-05-22
PAR,ECU,all_competitive,37,19,8,10,63.0,48.0,0.5135135135135135,0.2702702702702703,1.7027027027027026,1.2972972972972974,2025-09-04
PAR,JPN,all_competitive,8,1,5,2,7.0,7.0,0.125,0.25,0.875,0.875,2025-10-10
PAR,JPN,wc_only,1,0,1,0,0.0,0.0,0.0,0.0,0.0,0.0,2010-06-29
PAR,SWE,all_competitive,2,0,1,1,2.0,3.0,0.0,0.5,1.0,1.5,2006-06-15
PAR,SWE,wc_only,2,0,1,1,2.0,3.0,0.0,0.5,1.0,1.5,2006-06-15
PAR,BEL,all_competitive,2,1,1,0,3.0,2.0,0.5,0.0,1.5,1.0,1986-06-11
PAR,BEL,wc_only,2,1,1,0,3.0,2.0,0.5,0.0,1.5,1.0,1986-06-11
PAR,NZL,all_competitive,1,0,1,0,0.0,0.0,0.0,0.0,0.0,0.0,2010-06-24
PAR,NZL,wc_only,1,0,1,0,0.0,0.0,0.0,0.0,0.0,0.0,2010-06-24
PAR,ESP,all_competitive,3,0,1,2,1.0,4.0,0.0,0.6666666666666666,0.3333333333333333,1.3333333333333333,2010-07-03
PAR,ESP,wc_only,3,0,1,2,1.0,4.0,0.0,0.6666666666666666,0.3333333333333333,1.3333333333333333,2010-07-03
PAR,URU,all_competitive,61,17,15,29,68.0,96.0,0.2786885245901639,0.47540983606557374,1.1147540983606556,1.5737704918032787,2025-06-05
PAR,FRA,all_competitive,2,0,0,2,3.0,8.0,0.0,1.0,1.5,4.0,1998-06-28
PAR,FRA,wc_only,2,0,0,2,3.0,8.0,0.0,1.0,1.5,4.0,1998-06-28
PAR,IRQ,all_competitive,1,1,0,0,1.0,0.0,1.0,0.0,1.0,0.0,1986-06-04
PAR,IRQ,wc_only,1,1,0,0,1.0,0.0,1.0,0.0,1.0,0.0,1986-06-04
PAR,ARG,all_competitive,84,12,25,47,88.0,182.0,0.14285714285714285,0.5595238095238095,1.0476190476190477,2.1666666666666665,2024-11-14
PAR,COL,all_competitive,40,16,8,16,48.0,43.0,0.4,0.4,1.2,1.075,2025-03-25
PAR,ENG,all_competitive,2,0,0,2,0.0,4.0,0.0,1.0,0.0,2.0,2006-06-10
PAR,ENG,wc_only,2,0,0,2,0.0,4.0,0.0,1.0,0.0,2.0,2006-06-10
AUS,TUR,all_competitive,1,0,0,0,0.0,0.0,0.0,0.0,0.0,0.0,2026-06-13
AUS,TUR,wc_only,1,0,0,0,0.0,0.0,0.0,0.0,0.0,0.0,2026-06-13
AUS,GER,all_competitive,4,0,0,4,5.0,14.0,0.0,1.0,1.25,3.5,2017-06-19
AUS,GER,wc_only,2,0,0,2,0.0,7.0,0.0,1.0,0.0,3.5,2010-06-13
AUS,CUW,all_competitive,1,1,0,0,5.0,1.0,1.0,0.0,5.0,1.0,2026-03-31
AUS,NED,all_competitive,1,0,0,1,2.0,3.0,0.0,1.0,2.0,3.0,2014-06-18
AUS,NED,wc_only,1,0,0,1,2.0,3.0,0.0,1.0,2.0,3.0,2014-06-18
AUS,JPN,all_competitive,18,4,8,6,19.0,21.0,0.2222222222222222,0.3333333333333333,1.0555555555555556,1.1666666666666667,2025-06-05
AUS,JPN,wc_only,1,1,0,0,3.0,1.0,1.0,0.0,3.0,1.0,2006-06-12
AUS,TUN,all_competitive,2,1,0,1,1.0,2.0,0.5,0.5,0.5,1.0,2022-11-26
AUS,TUN,wc_only,1,1,0,0,1.0,0.0,1.0,0.0,1.0,0.0,2022-11-26
AUS,EGY,all_competitive,1,0,1,0,0.0,0.0,0.0,0.0,0.0,0.0,1987-06-19
AUS,IRN,all_competitive,6,1,2,3,6.0,7.0,0.16666666666666666,0.5,1.0,1.1666666666666667,1997-11-29
AUS,NZL,all_competitive,54,33,9,12,130.0,60.0,0.6111111111111112,0.2222222222222222,2.4074074074074074,1.1111111111111112,2025-09-09
AUS,ESP,all_competitive,1,0,0,1,0.0,3.0,0.0,1.0,0.0,3.0,2014-06-23
AUS,ESP,wc_only,1,0,0,1,0.0,3.0,0.0,1.0,0.0,3.0,2014-06-23
AUS,KSA,all_competitive,9,4,3,2,14.0,10.0,0.4444444444444444,0.2222222222222222,1.5555555555555556,1.1111111111111112,2025-06-10
AUS,URU,all_competitive,5,3,0,2,3.0,4.0,0.6,0.4,0.6,0.8,2005-11-16
AUS,FRA,all_competitive,4,1,0,3,3.0,7.0,0.25,0.75,0.75,1.75,2022-11-22
AUS,FRA,wc_only,2,0,0,2,2.0,6.0,0.0,1.0,1.0,3.0,2022-11-22
AUS,IRQ,all_competitive,10,6,2,2,12.0,7.0,0.6,0.2,1.2,0.7,2017-03-23
AUS,ARG,all_competitive,4,0,1,3,4.0,8.0,0.0,0.75,1.0,2.0,2022-12-03
AUS,ARG,wc_only,1,0,0,1,1.0,2.0,0.0,1.0,1.0,2.0,2022-12-03
AUS,JOR,all_competitive,7,4,0,3,12.0,6.0,0.5714285714285714,0.42857142857142855,1.7142857142857142,0.8571428571428571,2021-06-15
AUS,UZB,all_competitive,5,3,2,0,10.0,1.0,0.6,0.0,2.0,0.2,2024-01-23
AUS,CRO,all_competitive,1,0,1,0,2.0,2.0,0.0,0.0,2.0,2.0,2006-06-22
AUS,CRO,wc_only,1,0,1,0,2.0,2.0,0.0,0.0,2.0,2.0,2006-06-22
AUS,GHA,all_competitive,2,1,1,0,3.0,1.0,0.5,0.0,1.5,0.5,2010-06-19
AUS,GHA,wc_only,1,0,1,0,1.0,1.0,0.0,0.0,1.0,1.0,2010-06-19
TUR,GER,all_competitive,13,1,3,9,9.0,34.0,0.07692307692307693,0.6923076923076923,0.6923076923076923,2.6153846153846154,2011-10-07
TUR,GER,wc_only,2,0,0,2,3.0,11.0,0.0,1.0,1.5,5.5,1954-06-23
TUR,NED,all_competitive,11,3,2,6,13.0,21.0,0.2727272727272727,0.5454545454545454,1.1818181818181819,1.9090909090909092,2024-07-06
TUR,JPN,all_competitive,2,1,0,1,1.0,1.0,0.5,0.5,0.5,0.5,2002-06-18
TUR,JPN,wc_only,1,1,0,0,1.0,0.0,1.0,0.0,1.0,0.0,2002-06-18
TUR,SWE,all_competitive,7,2,3,2,9.0,9.0,0.2857142857142857,0.2857142857142857,1.2857142857142858,1.2857142857142858,2018-11-17
TUR,BEL,all_competitive,7,2,2,3,9.0,11.0,0.2857142857142857,0.42857142857142855,1.2857142857142858,1.5714285714285714,2011-06-03
TUR,EGY,all_competitive,1,0,0,1,1.0,7.0,0.0,1.0,1.0,7.0,1928-05-28
TUR,ESP,all_competitive,10,1,3,6,7.0,22.0,0.1,0.6,0.7,2.2,2025-11-18
TUR,FRA,all_competitive,3,1,1,1,5.0,4.0,0.3333333333333333,0.3333333333333333,1.6666666666666667,1.3333333333333333,2019-10-14
TUR,SEN,all_competitive,1,1,0,0,1.0,0.0,1.0,0.0,1.0,0.0,2002-06-22
TUR,SEN,wc_only,1,1,0,0,1.0,0.0,1.0,0.0,1.0,0.0,2002-06-22
TUR,NOR,all_competitive,8,5,2,1,14.0,9.0,0.625,0.125,1.75,1.125,2021-10-08
TUR,AUT,all_competitive,11,6,1,4,18.0,11.0,0.5454545454545454,0.36363636363636365,1.6363636363636365,1.0,2024-07-02
TUR,POR,all_competitive,7,0,0,7,2.0,17.0,0.0,1.0,0.2857142857142857,2.4285714285714284,2024-06-22
TUR,COL,all_competitive,1,1,0,0,2.0,1.0,1.0,0.0,2.0,1.0,2003-06-28
TUR,ENG,all_competitive,10,0,2,8,0.0,31.0,0.0,0.8,0.0,3.1,2003-10-11
TUR,CRO,all_competitive,10,2,4,4,5.0,10.0,0.2,0.4,0.5,1.0,2023-10-12
GER,CUW,all_competitive,1,0,0,0,0.0,0.0,0.0,0.0,0.0,0.0,2026-06-14
GER,CUW,wc_only,1,0,0,0,0.0,0.0,0.0,0.0,0.0,0.0,2026-06-14
GER,CIV,all_competitive,1,0,0,0,0.0,0.0,0.0,0.0,0.0,0.0,2026-06-20
GER,CIV,wc_only,1,0,0,0,0.0,0.0,0.0,0.0,0.0,0.0,2026-06-20
GER,ECU,all_competitive,2,1,0,0,3.0,0.0,0.5,0.0,1.5,0.0,2026-06-25
GER,ECU,wc_only,2,1,0,0,3.0,0.0,0.5,0.0,1.5,0.0,2026-06-25
GER,NED,all_competitive,16,6,6,4,25.0,27.0,0.375,0.25,1.5625,1.6875,2024-10-14
GER,NED,wc_only,3,2,1,0,6.0,4.0,0.6666666666666666,0.0,2.0,1.3333333333333333,1990-06-24
GER,JPN,all_competitive,1,0,0,1,1.0,2.0,0.0,1.0,1.0,2.0,2022-11-23
GER,JPN,wc_only,1,0,0,1,1.0,2.0,0.0,1.0,1.0,2.0,2022-11-23
GER,SWE,all_competitive,14,9,4,1,36.0,21.0,0.6428571428571429,0.07142857142857142,2.5714285714285716,1.5,2018-06-23
GER,SWE,wc_only,5,4,0,1,11.0,7.0,0.8,0.2,2.2,1.4,2018-06-23
GER,TUN,all_competitive,2,1,1,0,3.0,0.0,0.5,0.0,1.5,0.0,2005-06-18
GER,TUN,wc_only,1,0,1,0,0.0,0.0,0.0,0.0,0.0,0.0,1978-06-10
GER,BEL,all_competitive,8,8,0,0,18.0,7.0,1.0,0.0,2.25,0.875,2011-10-11
GER,BEL,wc_only,2,2,0,0,8.0,4.0,1.0,0.0,4.0,2.0,1994-07-02
GER,IRN,all_competitive,1,1,0,0,2.0,0.0,1.0,0.0,2.0,0.0,1998-06-25
GER,IRN,wc_only,1,1,0,0,2.0,0.0,1.0,0.0,2.0,0.0,1998-06-25
GER,NZL,all_competitive,1,1,0,0,2.0,0.0,1.0,0.0,2.0,0.0,1999-07-28
GER,ESP,all_competitive,13,4,4,5,13.0,17.0,0.3076923076923077,0.38461538461538464,1.0,1.3076923076923077,2024-07-05
GER,ESP,wc_only,5,2,2,1,6.0,5.0,0.4,0.2,1.2,1.0,2022-11-27
GER,KSA,all_competitive,1,1,0,0,8.0,0.0,1.0,0.0,8.0,0.0,2002-06-01
GER,KSA,wc_only,1,1,0,0,8.0,0.0,1.0,0.0,8.0,0.0,2002-06-01
GER,URU,all_competitive,5,3,1,1,10.0,7.0,0.6,0.2,2.0,1.4,2010-07-10
GER,URU,wc_only,4,3,1,0,9.0,3.0,0.75,0.0,2.25,0.75,2010-07-10
GER,FRA,all_competitive,9,2,2,5,10.0,16.0,0.2222222222222222,0.5555555555555556,1.1111111111111112,1.7777777777777777,2025-06-08
GER,FRA,wc_only,4,2,1,1,9.0,9.0,0.5,0.25,2.25,2.25,2014-07-04
GER,NOR,all_competitive,4,3,1,0,15.0,2.0,0.75,0.0,3.75,0.5,2017-09-04
GER,ARG,all_competitive,10,5,3,2,16.0,9.0,0.5,0.2,1.6,0.9,2014-07-13
GER,ARG,wc_only,7,4,2,1,12.0,5.0,0.5714285714285714,0.14285714285714285,1.7142857142857142,0.7142857142857143,2014-07-13
GER,ALG,all_competitive,2,1,0,1,3.0,3.0,0.5,0.5,1.5,1.5,2014-06-30
GER,ALG,wc_only,2,1,0,1,3.0,3.0,0.5,0.5,1.5,1.5,2014-06-30
GER,AUT,all_competitive,16,13,1,2,38.0,16.0,0.8125,0.125,2.375,1.0,2013-09-06
GER,AUT,wc_only,4,3,0,1,12.0,6.0,0.75,0.25,3.0,1.5,1982-06-25
GER,POR,all_competitive,12,6,3,3,19.0,13.0,0.5,0.25,1.5833333333333333,1.0833333333333333,2025-06-04
GER,POR,wc_only,2,2,0,0,7.0,1.0,1.0,0.0,3.5,0.5,2014-06-16
GER,COL,all_competitive,1,0,1,0,1.0,1.0,0.0,0.0,1.0,1.0,1990-06-19
GER,COL,wc_only,1,0,1,0,1.0,1.0,0.0,0.0,1.0,1.0,1990-06-19
GER,ENG,all_competitive,15,5,6,4,22.0,23.0,0.3333333333333333,0.26666666666666666,1.4666666666666666,1.5333333333333334,2022-09-26
GER,ENG,wc_only,5,2,2,1,10.0,8.0,0.4,0.2,2.0,1.6,2010-06-27
GER,CRO,all_competitive,3,1,0,2,3.0,6.0,0.3333333333333333,0.6666666666666666,1.0,2.0,2008-06-12
GER,CRO,wc_only,1,0,0,1,0.0,3.0,0.0,1.0,0.0,3.0,1998-07-04
GER,GHA,all_competitive,2,1,1,0,3.0,2.0,0.5,0.0,1.5,1.0,2014-06-21
GER,GHA,wc_only,2,1,1,0,3.0,2.0,0.5,0.0,1.5,1.0,2014-06-21
CUW,CIV,all_competitive,1,0,0,0,0.0,0.0,0.0,0.0,0.0,0.0,2026-06-25
CUW,CIV,wc_only,1,0,0,0,0.0,0.0,0.0,0.0,0.0,0.0,2026-06-25
CUW,ECU,all_competitive,1,0,0,0,0.0,0.0,0.0,0.0,0.0,0.0,2026-06-20
CUW,ECU,wc_only,1,0,0,0,0.0,0.0,0.0,0.0,0.0,0.0,2026-06-20
CUW,COL,all_competitive,1,0,0,1,2.0,4.0,0.0,1.0,2.0,4.0,1946-12-09
CUW,PAN,all_competitive,9,3,3,3,19.0,17.0,0.3333333333333333,0.3333333333333333,2.111111111111111,1.8888888888888888,2023-10-13
CIV,ECU,all_competitive,1,0,0,0,0.0,0.0,0.0,0.0,0.0,0.0,2026-06-14
CIV,ECU,wc_only,1,0,0,0,0.0,0.0,0.0,0.0,0.0,0.0,2026-06-14
CIV,NED,all_competitive,1,0,0,1,1.0,2.0,0.0,1.0,1.0,2.0,2006-06-16
CIV,NED,wc_only,1,0,0,1,1.0,2.0,0.0,1.0,1.0,2.0,2006-06-16
CIV,JPN,all_competitive,2,1,0,1,2.0,2.0,0.5,0.5,1.0,1.0,2014-06-14
CIV,JPN,wc_only,1,1,0,0,2.0,1.0,1.0,0.0,2.0,1.0,2014-06-14
CIV,TUN,all_competitive,7,2,3,2,11.0,11.0,0.2857142857142857,0.2857142857142857,1.5714285714285714,1.5714285714285714,2013-01-26
CIV,EGY,all_competitive,17,3,4,10,17.0,28.0,0.17647058823529413,0.5882352941176471,1.0,1.6470588235294117,2026-01-10
CIV,NZL,all_competitive,1,0,0,1,0.0,1.0,0.0,1.0,0.0,1.0,2025-06-07
CIV,SEN,all_competitive,10,6,4,0,15.0,6.0,0.6,0.0,1.5,0.6,2024-01-29
CIV,ARG,all_competitive,2,0,0,2,1.0,6.0,0.0,1.0,0.5,3.0,2006-06-10
CIV,ARG,wc_only,1,0,0,1,1.0,2.0,0.0,1.0,1.0,2.0,2006-06-10
CIV,ALG,all_competitive,17,8,5,4,26.0,19.0,0.47058823529411764,0.23529411764705882,1.5294117647058822,1.1176470588235294,2022-01-20
CIV,POR,all_competitive,1,0,1,0,0.0,0.0,0.0,0.0,0.0,0.0,2010-06-15
CIV,POR,wc_only,1,0,1,0,0.0,0.0,0.0,0.0,0.0,0.0,2010-06-15
CIV,COD,all_competitive,14,7,3,4,25.0,20.0,0.5,0.2857142857142857,1.7857142857142858,1.4285714285714286,2024-02-07
CIV,COL,all_competitive,1,0,0,1,1.0,2.0,0.0,1.0,1.0,2.0,2014-06-19
CIV,COL,wc_only,1,0,0,1,1.0,2.0,0.0,1.0,1.0,2.0,2014-06-19
CIV,GHA,all_competitive,21,6,6,9,26.0,32.0,0.2857142857142857,0.42857142857142855,1.2380952380952381,1.5238095238095237,2015-02-08
ECU,NED,all_competitive,1,0,1,0,1.0,1.0,0.0,0.0,1.0,1.0,2022-11-25
ECU,NED,wc_only,1,0,1,0,1.0,1.0,0.0,0.0,1.0,1.0,2022-11-25
ECU,JPN,all_competitive,3,0,2,1,1.0,4.0,0.0,0.3333333333333333,0.3333333333333333,1.3333333333333333,2022-09-27
ECU,IRN,all_competitive,1,0,1,0,1.0,1.0,0.0,0.0,1.0,1.0,1972-06-21
ECU,URU,all_competitive,42,8,7,27,38.0,101.0,0.19047619047619047,0.6428571428571429,0.9047619047619048,2.4047619047619047,2024-10-15
ECU,FRA,all_competitive,1,0,1,0,0.0,0.0,0.0,0.0,0.0,0.0,2014-06-25
ECU,FRA,wc_only,1,0,1,0,0.0,0.0,0.0,0.0,0.0,0.0,2014-06-25
ECU,SEN,all_competitive,1,0,0,1,1.0,2.0,0.0,1.0,1.0,2.0,2022-11-29
ECU,SEN,wc_only,1,0,0,1,1.0,2.0,0.0,1.0,1.0,2.0,2022-11-29
ECU,ARG,all_competitive,35,5,9,21,30.0,86.0,0.14285714285714285,0.6,0.8571428571428571,2.4571428571428573,2025-09-09
ECU,POR,all_competitive,1,0,0,1,0.0,3.0,0.0,1.0,0.0,3.0,1972-06-11
ECU,COL,all_competitive,36,9,9,18,30.0,43.0,0.25,0.5,0.8333333333333334,1.1944444444444444,2024-11-19
ECU,ENG,all_competitive,1,0,0,1,0.0,1.0,0.0,1.0,0.0,1.0,2006-06-25
ECU,ENG,wc_only,1,0,0,1,0.0,1.0,0.0,1.0,0.0,1.0,2006-06-25
ECU,CRO,all_competitive,1,1,0,0,1.0,0.0,1.0,0.0,1.0,0.0,2002-06-13
ECU,CRO,wc_only,1,1,0,0,1.0,0.0,1.0,0.0,1.0,0.0,2002-06-13
NED,JPN,all_competitive,2,1,0,0,1.0,0.0,0.5,0.0,0.5,0.0,2026-06-14
NED,JPN,wc_only,2,1,0,0,1.0,0.0,0.5,0.0,0.5,0.0,2026-06-14
NED,SWE,all_competitive,12,5,4,2,22.0,16.0,0.4166666666666667,0.16666666666666666,1.8333333333333333,1.3333333333333333,2026-06-20
NED,SWE,wc_only,2,0,1,0,0.0,0.0,0.0,0.0,0.0,0.0,2026-06-20
NED,TUN,all_competitive,1,0,0,0,0.0,0.0,0.0,0.0,0.0,0.0,2026-06-25
NED,TUN,wc_only,1,0,0,0,0.0,0.0,0.0,0.0,0.0,0.0,2026-06-25
NED,BEL,all_competitive,20,12,4,4,34.0,14.0,0.6,0.2,1.7,0.7,2022-09-25
NED,BEL,wc_only,2,0,1,1,0.0,1.0,0.0,0.5,0.0,0.5,1998-06-13
NED,EGY,all_competitive,1,0,1,0,1.0,1.0,0.0,0.0,1.0,1.0,1990-06-12
NED,EGY,wc_only,1,0,1,0,1.0,1.0,0.0,0.0,1.0,1.0,1990-06-12
NED,IRN,all_competitive,1,1,0,0,3.0,0.0,1.0,0.0,3.0,0.0,1978-06-03
NED,IRN,wc_only,1,1,0,0,3.0,0.0,1.0,0.0,3.0,0.0,1978-06-03
NED,ESP,all_competitive,7,2,2,3,13.0,12.0,0.2857142857142857,0.42857142857142855,1.8571428571428572,1.7142857142857142,2025-03-23
NED,ESP,wc_only,2,1,0,1,5.0,2.0,0.5,0.5,2.5,1.0,2014-06-13
NED,KSA,all_competitive,1,1,0,0,2.0,1.0,1.0,0.0,2.0,1.0,1994-06-20
NED,KSA,wc_only,1,1,0,0,2.0,1.0,1.0,0.0,2.0,1.0,1994-06-20
NED,URU,all_competitive,6,2,1,3,7.0,9.0,0.3333333333333333,0.5,1.1666666666666667,1.5,2011-06-08
NED,URU,wc_only,2,2,0,0,5.0,2.0,1.0,0.0,2.5,1.0,2010-07-06
NED,FRA,all_competitive,12,4,2,6,12.0,18.0,0.3333333333333333,0.5,1.0,1.5,2024-06-21
NED,SEN,all_competitive,1,1,0,0,2.0,0.0,1.0,0.0,2.0,0.0,2022-11-21
NED,SEN,wc_only,1,1,0,0,2.0,0.0,1.0,0.0,2.0,0.0,2022-11-21
NED,NOR,all_competitive,10,6,3,1,22.0,5.0,0.6,0.1,2.2,0.5,2021-11-16
NED,ARG,all_competitive,7,2,4,1,9.0,6.0,0.2857142857142857,0.14285714285714285,1.2857142857142858,0.8571428571428571,2022-12-09
NED,ARG,wc_only,6,2,3,1,9.0,6.0,0.3333333333333333,0.16666666666666666,1.5,1.0,2022-12-09
NED,AUT,all_competitive,10,5,2,3,22.0,12.0,0.5,0.3,2.2,1.2,2024-06-25
NED,AUT,wc_only,1,1,0,0,5.0,1.0,1.0,0.0,5.0,1.0,1978-06-14
NED,POR,all_competitive,8,1,1,6,5.0,11.0,0.125,0.75,0.625,1.375,2019-06-09
NED,POR,wc_only,1,0,0,1,0.0,1.0,0.0,1.0,0.0,1.0,2006-06-25
NED,ENG,all_competitive,7,3,2,2,12.0,10.0,0.42857142857142855,0.2857142857142857,1.7142857142857142,1.4285714285714286,2024-07-10
NED,ENG,wc_only,1,0,1,0,0.0,0.0,0.0,0.0,0.0,0.0,1990-06-16
NED,CRO,all_competitive,2,0,0,2,3.0,6.0,0.0,1.0,1.5,3.0,2023-06-14
NED,CRO,wc_only,1,0,0,1,1.0,2.0,0.0,1.0,1.0,2.0,1998-07-11
JPN,SWE,all_competitive,3,0,1,1,1.0,2.0,0.0,0.3333333333333333,0.3333333333333333,0.6666666666666666,2026-06-25
JPN,SWE,wc_only,1,0,0,0,0.0,0.0,0.0,0.0,0.0,0.0,2026-06-25
JPN,TUN,all_competitive,4,2,0,1,4.0,3.0,0.5,0.25,1.0,0.75,2026-06-20
JPN,TUN,wc_only,2,1,0,0,2.0,0.0,0.5,0.0,1.0,0.0,2026-06-20
JPN,BEL,all_competitive,4,1,2,1,8.0,5.0,0.25,0.25,2.0,1.25,2018-07-02
JPN,BEL,wc_only,2,0,1,1,4.0,5.0,0.0,0.5,2.0,2.5,2018-07-02
JPN,IRN,all_competitive,16,6,3,7,18.0,17.0,0.375,0.4375,1.125,1.0625,2024-02-03
JPN,NZL,all_competitive,3,2,0,1,5.0,2.0,0.6666666666666666,0.3333333333333333,1.6666666666666667,0.6666666666666666,2017-10-06
JPN,ESP,all_competitive,1,1,0,0,2.0,1.0,1.0,0.0,2.0,1.0,2022-12-01
JPN,ESP,wc_only,1,1,0,0,2.0,1.0,1.0,0.0,2.0,1.0,2022-12-01
JPN,KSA,all_competitive,16,9,2,5,23.0,11.0,0.5625,0.3125,1.4375,0.6875,2025-03-25
JPN,URU,all_competitive,4,1,1,2,7.0,11.0,0.25,0.5,1.75,2.75,2019-06-20
JPN,FRA,all_competitive,4,0,1,3,4.0,9.0,0.0,0.75,1.0,2.25,2003-06-20
JPN,SEN,all_competitive,2,0,2,0,4.0,4.0,0.0,0.0,2.0,2.0,2018-06-24
JPN,SEN,wc_only,1,0,1,0,2.0,2.0,0.0,0.0,2.0,2.0,2018-06-24
JPN,IRQ,all_competitive,12,6,3,3,17.0,10.0,0.5,0.25,1.4166666666666667,0.8333333333333334,2024-01-19
JPN,ARG,all_competitive,4,0,0,4,2.0,11.0,0.0,1.0,0.5,2.75,2003-06-08
JPN,ARG,wc_only,1,0,0,1,0.0,1.0,0.0,1.0,0.0,1.0,1998-06-14
JPN,ALG,all_competitive,1,1,0,0,2.0,1.0,1.0,0.0,2.0,1.0,1986-05-11
JPN,JOR,all_competitive,6,2,3,1,12.0,5.0,0.3333333333333333,0.16666666666666666,2.0,0.8333333333333334,2015-01-20
JPN,UZB,all_competitive,9,5,3,1,24.0,9.0,0.5555555555555556,0.1111111111111111,2.6666666666666665,1.0,2019-01-17
JPN,COL,all_competitive,5,1,1,3,3.0,7.0,0.2,0.6,0.6,1.4,2019-03-22
JPN,COL,wc_only,2,1,0,1,3.0,5.0,0.5,0.5,1.5,2.5,2018-06-19
JPN,CRO,all_competitive,4,1,2,1,5.0,5.0,0.25,0.25,1.25,1.25,2022-12-05
JPN,CRO,wc_only,3,0,2,1,1.0,2.0,0.0,0.3333333333333333,0.3333333333333333,0.6666666666666666,2022-12-05
JPN,GHA,all_competitive,2,2,0,0,6.0,1.0,1.0,0.0,3.0,0.5,2025-11-14
JPN,PAN,all_competitive,1,1,0,0,3.0,0.0,1.0,0.0,3.0,0.0,2018-10-12
SWE,TUN,all_competitive,1,0,0,0,0.0,0.0,0.0,0.0,0.0,0.0,2026-06-14
SWE,TUN,wc_only,1,0,0,0,0.0,0.0,0.0,0.0,0.0,0.0,2026-06-14
SWE,BEL,all_competitive,9,3,1,5,16.0,13.0,0.3333333333333333,0.5555555555555556,1.7777777777777777,1.4444444444444444,2023-10-16
SWE,EGY,all_competitive,1,1,0,0,5.0,0.0,1.0,0.0,5.0,0.0,1924-06-01
SWE,ESP,all_competitive,11,3,2,6,10.0,15.0,0.2727272727272727,0.5454545454545454,0.9090909090909091,1.3636363636363635,2021-11-14
SWE,ESP,wc_only,2,1,0,1,3.0,2.0,0.5,0.5,1.5,1.0,1978-06-11
SWE,KSA,all_competitive,1,1,0,0,3.0,1.0,1.0,0.0,3.0,1.0,1994-07-03
SWE,KSA,wc_only,1,1,0,0,3.0,1.0,1.0,0.0,3.0,1.0,1994-07-03
SWE,URU,all_competitive,3,2,0,1,6.0,3.0,0.6666666666666666,0.3333333333333333,2.0,1.0,1974-06-23
SWE,URU,wc_only,3,2,0,1,6.0,3.0,0.6666666666666666,0.3333333333333333,2.0,1.0,1974-06-23
SWE,FRA,all_competitive,12,3,3,6,15.0,20.0,0.25,0.5,1.25,1.6666666666666667,2020-11-17
SWE,SEN,all_competitive,1,0,0,1,1.0,2.0,0.0,1.0,1.0,2.0,2002-06-16
SWE,SEN,wc_only,1,0,0,1,1.0,2.0,0.0,1.0,1.0,2.0,2002-06-16
SWE,NOR,all_competitive,62,32,13,17,149.0,97.0,0.5161290322580645,0.27419354838709675,2.403225806451613,1.564516129032258,2022-06-12
SWE,ARG,all_competitive,2,1,1,0,4.0,3.0,0.5,0.0,2.0,1.5,2002-06-12
SWE,ARG,wc_only,2,1,1,0,4.0,3.0,0.5,0.0,2.0,1.5,2002-06-12
SWE,AUT,all_competitive,16,5,2,9,14.0,23.0,0.3125,0.5625,0.875,1.4375,2023-09-12
SWE,AUT,wc_only,1,0,0,1,0.0,1.0,0.0,1.0,0.0,1.0,1978-06-07
SWE,POR,all_competitive,14,4,4,6,14.0,16.0,0.2857142857142857,0.42857142857142855,1.0,1.1428571428571428,2020-10-14
SWE,COL,all_competitive,1,0,1,0,0.0,0.0,0.0,0.0,0.0,0.0,1994-02-18
SWE,ENG,all_competitive,9,2,5,2,9.0,10.0,0.2222222222222222,0.2222222222222222,1.0,1.1111111111111112,2018-07-07
SWE,ENG,wc_only,3,0,2,1,3.0,5.0,0.0,0.3333333333333333,1.0,1.6666666666666667,2018-07-07
SWE,CRO,all_competitive,4,1,0,3,3.0,5.0,0.25,0.75,0.75,1.25,2020-11-14
TUN,BEL,all_competitive,2,0,1,1,3.0,6.0,0.0,0.5,1.5,3.0,2018-06-23
TUN,BEL,wc_only,2,0,1,1,3.0,6.0,0.0,0.5,1.5,3.0,2018-06-23
TUN,EGY,all_competitive,21,10,5,6,28.0,21.0,0.47619047619047616,0.2857142857142857,1.3333333333333333,1.0,2021-12-15
TUN,NZL,all_competitive,1,0,1,0,0.0,0.0,0.0,0.0,0.0,0.0,2024-03-26
TUN,ESP,all_competitive,1,0,0,1,1.0,3.0,0.0,1.0,1.0,3.0,2006-06-19
TUN,ESP,wc_only,1,0,0,1,1.0,3.0,0.0,1.0,1.0,3.0,2006-06-19
TUN,CPV,all_competitive,3,2,1,0,6.0,2.0,0.6666666666666666,0.0,2.0,0.6666666666666666,2015-01-18
TUN,KSA,all_competitive,1,0,1,0,2.0,2.0,0.0,0.0,2.0,2.0,2006-06-14
TUN,KSA,wc_only,1,0,1,0,2.0,2.0,0.0,0.0,2.0,2.0,2006-06-14
TUN,FRA,all_competitive,1,1,0,0,1.0,0.0,1.0,0.0,1.0,0.0,2022-11-30
TUN,FRA,wc_only,1,1,0,0,1.0,0.0,1.0,0.0,1.0,0.0,2022-11-30
TUN,SEN,all_competitive,16,4,7,5,10.0,11.0,0.25,0.3125,0.625,0.6875,2019-07-14
TUN,IRQ,all_competitive,3,1,2,0,4.0,2.0,0.3333333333333333,0.0,1.3333333333333333,0.6666666666666666,1988-07-09
TUN,ARG,all_competitive,1,0,0,1,1.0,2.0,0.0,1.0,1.0,2.0,2005-06-15
TUN,ALG,all_competitive,16,7,5,4,16.0,16.0,0.4375,0.25,1.0,1.0,2021-12-18
TUN,JOR,all_competitive,1,1,0,0,4.0,0.0,1.0,0.0,4.0,0.0,1963-04-04
TUN,COD,all_competitive,11,6,3,2,22.0,10.0,0.5454545454545454,0.18181818181818182,2.0,0.9090909090909091,2017-09-05
TUN,COL,all_competitive,1,0,0,1,0.0,1.0,0.0,1.0,0.0,1.0,1998-06-22
TUN,COL,wc_only,1,0,0,1,0.0,1.0,0.0,1.0,0.0,1.0,1998-06-22
TUN,ENG,all_competitive,2,0,0,2,1.0,4.0,0.0,1.0,0.5,2.0,2018-06-18
TUN,ENG,wc_only,2,0,0,2,1.0,4.0,0.0,1.0,0.5,2.0,2018-06-18
TUN,CRO,all_competitive,1,0,1,0,0.0,0.0,0.0,0.0,0.0,0.0,2024-03-23
TUN,GHA,all_competitive,8,0,2,6,6.0,13.0,0.0,0.75,0.75,1.625,2019-07-08
TUN,PAN,all_competitive,1,1,0,0,2.0,1.0,1.0,0.0,2.0,1.0,2018-06-28
TUN,PAN,wc_only,1,1,0,0,2.0,1.0,1.0,0.0,2.0,1.0,2018-06-28
BEL,EGY,all_competitive,1,0,0,0,0.0,0.0,0.0,0.0,0.0,0.0,2026-06-15
BEL,EGY,wc_only,1,0,0,0,0.0,0.0,0.0,0.0,0.0,0.0,2026-06-15
BEL,IRN,all_competitive,1,0,0,0,0.0,0.0,0.0,0.0,0.0,0.0,2026-06-21
BEL,IRN,wc_only,1,0,0,0,0.0,0.0,0.0,0.0,0.0,0.0,2026-06-21
BEL,NZL,all_competitive,1,0,0,0,0.0,0.0,0.0,0.0,0.0,0.0,2026-06-26
BEL,NZL,wc_only,1,0,0,0,0.0,0.0,0.0,0.0,0.0,0.0,2026-06-26
BEL,ESP,all_competitive,12,3,3,6,13.0,23.0,0.25,0.5,1.0833333333333333,1.9166666666666667,2009-09-05
BEL,ESP,wc_only,2,0,1,1,2.0,3.0,0.0,0.5,1.0,1.5,1990-06-21
BEL,KSA,all_competitive,1,0,0,1,0.0,1.0,0.0,1.0,0.0,1.0,1994-06-29
BEL,KSA,wc_only,1,0,0,1,0.0,1.0,0.0,1.0,0.0,1.0,1994-06-29
BEL,URU,all_competitive,1,1,0,0,3.0,1.0,1.0,0.0,3.0,1.0,1990-06-17
BEL,URU,wc_only,1,1,0,0,3.0,1.0,1.0,0.0,3.0,1.0,1990-06-17
BEL,FRA,all_competitive,18,3,4,11,21.0,37.0,0.16666666666666666,0.6111111111111112,1.1666666666666667,2.0555555555555554,2024-10-14
BEL,FRA,wc_only,3,0,0,3,3.0,8.0,0.0,1.0,1.0,2.6666666666666665,2018-07-10
BEL,IRQ,all_competitive,1,1,0,0,2.0,1.0,1.0,0.0,2.0,1.0,1986-06-08
BEL,IRQ,wc_only,1,1,0,0,2.0,1.0,1.0,0.0,2.0,1.0,1986-06-08
BEL,NOR,all_competitive,4,3,1,0,7.0,2.0,0.75,0.0,1.75,0.5,1979-09-12
BEL,ARG,all_competitive,4,1,0,3,4.0,9.0,0.25,0.75,1.0,2.25,2014-07-05
BEL,ARG,wc_only,3,1,0,2,1.0,3.0,0.3333333333333333,0.6666666666666666,0.3333333333333333,1.0,2014-07-05
BEL,ALG,all_competitive,1,1,0,0,2.0,1.0,1.0,0.0,2.0,1.0,2014-06-17
BEL,ALG,wc_only,1,1,0,0,2.0,1.0,1.0,0.0,2.0,1.0,2014-06-17
BEL,AUT,all_competitive,6,2,4,0,11.0,8.0,0.3333333333333333,0.0,1.8333333333333333,1.3333333333333333,2023-10-13
BEL,POR,all_competitive,9,4,3,2,13.0,9.0,0.4444444444444444,0.2222222222222222,1.4444444444444444,1.0,2021-06-27
BEL,ENG,all_competitive,8,3,3,2,11.0,8.0,0.375,0.25,1.375,1.0,2020-11-15
BEL,ENG,wc_only,4,2,1,1,7.0,5.0,0.5,0.25,1.75,1.25,2018-07-14
BEL,CRO,all_competitive,7,2,3,2,5.0,8.0,0.2857142857142857,0.2857142857142857,0.7142857142857143,1.1428571428571428,2022-12-01
BEL,CRO,wc_only,1,0,1,0,0.0,0.0,0.0,0.0,0.0,0.0,2022-12-01
BEL,PAN,all_competitive,1,1,0,0,3.0,0.0,1.0,0.0,3.0,0.0,2018-06-18
BEL,PAN,wc_only,1,1,0,0,3.0,0.0,1.0,0.0,3.0,0.0,2018-06-18
EGY,IRN,all_competitive,1,0,0,0,0.0,0.0,0.0,0.0,0.0,0.0,2026-06-26
EGY,IRN,wc_only,1,0,0,0,0.0,0.0,0.0,0.0,0.0,0.0,2026-06-26
EGY,NZL,all_competitive,2,1,0,0,1.0,0.0,0.5,0.0,0.5,0.0,2026-06-21
EGY,NZL,wc_only,1,0,0,0,0.0,0.0,0.0,0.0,0.0,0.0,2026-06-21
EGY,CPV,all_competitive,4,1,3,0,7.0,4.0,0.25,0.0,1.75,1.0,2025-11-17
EGY,KSA,all_competitive,4,2,0,2,7.0,10.0,0.5,0.5,1.75,2.5,2018-06-25
EGY,KSA,wc_only,1,0,0,1,1.0,2.0,0.0,1.0,1.0,2.0,2018-06-25
EGY,URU,all_competitive,1,0,0,1,0.0,1.0,0.0,1.0,0.0,1.0,2018-06-15
EGY,URU,wc_only,1,0,0,1,0.0,1.0,0.0,1.0,0.0,1.0,2018-06-15
EGY,SEN,all_competitive,14,6,2,6,8.0,8.0,0.42857142857142855,0.42857142857142855,0.5714285714285714,0.5714285714285714,2026-01-14
EGY,IRQ,all_competitive,5,3,2,0,6.0,1.0,0.6,0.0,1.2,0.2,2003-12-18
EGY,ARG,all_competitive,1,0,0,1,0.0,6.0,0.0,1.0,0.0,6.0,1928-06-06
EGY,ALG,all_competitive,18,5,7,6,23.0,21.0,0.2777777777777778,0.3333333333333333,1.2777777777777777,1.1666666666666667,2021-12-07
EGY,JOR,all_competitive,4,2,1,1,6.0,5.0,0.5,0.25,1.5,1.25,2025-12-09
EGY,POR,all_competitive,1,1,0,0,2.0,1.0,1.0,0.0,2.0,1.0,1928-06-04
EGY,COD,all_competitive,9,6,2,1,15.0,6.0,0.6666666666666666,0.1111111111111111,1.6666666666666667,0.6666666666666666,2024-01-28
EGY,UZB,all_competitive,1,0,0,1,0.0,2.0,0.0,1.0,0.0,2.0,2025-11-14
EGY,ENG,all_competitive,1,0,0,1,0.0,1.0,0.0,1.0,0.0,1.0,1990-06-21
EGY,ENG,wc_only,1,0,0,1,0.0,1.0,0.0,1.0,0.0,1.0,1990-06-21
EGY,CRO,all_competitive,2,0,1,1,4.0,6.0,0.0,0.5,2.0,3.0,2024-03-26
EGY,GHA,all_competitive,11,6,3,2,15.0,13.0,0.5454545454545454,0.18181818181818182,1.3636363636363635,1.1818181818181819,2024-01-18
IRN,NZL,all_competitive,1,0,0,0,0.0,0.0,0.0,0.0,0.0,0.0,2026-06-15
IRN,NZL,wc_only,1,0,0,0,0.0,0.0,0.0,0.0,0.0,0.0,2026-06-15
IRN,ESP,all_competitive,1,0,0,1,0.0,1.0,0.0,1.0,0.0,1.0,2018-06-20
IRN,ESP,wc_only,1,0,0,1,0.0,1.0,0.0,1.0,0.0,1.0,2018-06-20
IRN,CPV,all_competitive,1,0,1,0,0.0,0.0,0.0,0.0,0.0,0.0,2025-11-13
IRN,KSA,all_competitive,14,4,6,4,19.0,13.0,0.2857142857142857,0.2857142857142857,1.3571428571428572,0.9285714285714286,2012-12-09
IRN,URU,all_competitive,1,0,1,0,1.0,1.0,0.0,0.0,1.0,1.0,2003-02-04
IRN,IRQ,all_competitive,20,13,4,3,30.0,15.0,0.65,0.15,1.5,0.75,2022-01-27
IRN,ARG,all_competitive,2,0,1,1,1.0,2.0,0.0,0.5,0.5,1.0,2014-06-21
IRN,ARG,wc_only,1,0,0,1,0.0,1.0,0.0,1.0,0.0,1.0,2014-06-21
IRN,JOR,all_competitive,10,6,0,4,13.0,8.0,0.6,0.4,1.3,0.8,2009-11-22
IRN,POR,all_competitive,3,0,1,2,1.0,6.0,0.0,0.6666666666666666,0.3333333333333333,2.0,2018-06-25
IRN,POR,wc_only,2,0,1,1,1.0,3.0,0.0,0.5,0.5,1.5,2018-06-25
IRN,COD,all_competitive,1,0,0,1,1.0,3.0,0.0,1.0,1.0,3.0,1977-07-29
IRN,UZB,all_competitive,12,6,5,1,15.0,6.0,0.5,0.08333333333333333,1.25,0.5,2025-11-18
IRN,ENG,all_competitive,1,0,0,1,2.0,6.0,0.0,1.0,2.0,6.0,2022-11-21
IRN,ENG,wc_only,1,0,0,1,2.0,6.0,0.0,1.0,2.0,6.0,2022-11-21
NZL,ESP,all_competitive,1,0,0,1,0.0,5.0,0.0,1.0,0.0,5.0,2009-06-14
NZL,KSA,all_competitive,3,2,1,0,8.0,2.0,0.6666666666666666,0.0,2.6666666666666665,0.6666666666666666,2013-09-05
NZL,FRA,all_competitive,1,0,0,1,0.0,5.0,0.0,1.0,0.0,5.0,2003-06-22
NZL,IRQ,all_competitive,3,0,1,2,0.0,6.0,0.0,0.6666666666666666,0.0,2.0,2009-06-20
NZL,POR,all_competitive,1,0,0,1,0.0,4.0,0.0,1.0,0.0,4.0,2017-06-24
NZL,COL,all_competitive,1,0,0,1,1.0,3.0,0.0,1.0,1.0,3.0,2003-06-20
NZL,GHA,all_competitive,1,1,0,0,2.0,0.0,1.0,0.0,2.0,0.0,1983-06-07
ESP,CPV,all_competitive,1,0,0,0,0.0,0.0,0.0,0.0,0.0,0.0,2026-06-15
ESP,CPV,wc_only,1,0,0,0,0.0,0.0,0.0,0.0,0.0,0.0,2026-06-15
ESP,KSA,all_competitive,2,1,0,0,1.0,0.0,0.5,0.0,0.5,0.0,2026-06-21
ESP,KSA,wc_only,2,1,0,0,1.0,0.0,0.5,0.0,0.5,0.0,2026-06-21
ESP,URU,all_competitive,4,1,2,0,4.0,3.0,0.25,0.0,1.0,0.75,2026-06-26
ESP,URU,wc_only,3,0,2,0,2.0,2.0,0.0,0.0,0.6666666666666666,0.6666666666666666,2026-06-26
ESP,FRA,all_competitive,12,4,2,6,17.0,21.0,0.3333333333333333,0.5,1.4166666666666667,1.75,2025-06-05
ESP,FRA,wc_only,1,0,0,1,1.0,3.0,0.0,1.0,1.0,3.0,2006-06-27
ESP,IRQ,all_competitive,1,1,0,0,1.0,0.0,1.0,0.0,1.0,0.0,2009-06-17
ESP,NOR,all_competitive,7,5,1,1,12.0,4.0,0.7142857142857143,0.14285714285714285,1.7142857142857142,0.5714285714285714,2023-10-15
ESP,ARG,all_competitive,1,0,0,1,1.0,2.0,0.0,1.0,1.0,2.0,1966-07-13
ESP,ARG,wc_only,1,0,0,1,1.0,2.0,0.0,1.0,1.0,2.0,1966-07-13
ESP,ALG,all_competitive,1,1,0,0,3.0,0.0,1.0,0.0,3.0,0.0,1986-06-12
ESP,ALG,wc_only,1,1,0,0,3.0,0.0,1.0,0.0,3.0,0.0,1986-06-12
ESP,AUT,all_competitive,7,5,1,1,23.0,6.0,0.7142857142857143,0.14285714285714285,3.2857142857142856,0.8571428571428571,2001-09-01
ESP,AUT,wc_only,1,0,0,1,1.0,2.0,0.0,1.0,1.0,2.0,1978-06-03
ESP,POR,all_competitive,12,5,6,1,27.0,12.0,0.4166666666666667,0.08333333333333333,2.25,1.0,2025-06-08
ESP,POR,wc_only,2,1,1,0,4.0,3.0,0.5,0.0,2.0,1.5,2018-06-15
ESP,ENG,all_competitive,9,3,2,4,9.0,10.0,0.3333333333333333,0.4444444444444444,1.0,1.1111111111111112,2024-07-14
ESP,ENG,wc_only,2,1,1,0,1.0,0.0,0.5,0.0,0.5,0.0,1982-07-05
ESP,CRO,all_competitive,7,4,1,2,18.0,8.0,0.5714285714285714,0.2857142857142857,2.5714285714285716,1.1428571428571428,2024-06-15
CPV,KSA,all_competitive,1,0,0,0,0.0,0.0,0.0,0.0,0.0,0.0,2026-06-26
CPV,KSA,wc_only,1,0,0,0,0.0,0.0,0.0,0.0,0.0,0.0,2026-06-26
CPV,URU,all_competitive,1,0,0,0,0.0,0.0,0.0,0.0,0.0,0.0,2026-06-21
CPV,URU,wc_only,1,0,0,0,0.0,0.0,0.0,0.0,0.0,0.0,2026-06-21
CPV,SEN,all_competitive,14,2,2,10,6.0,22.0,0.14285714285714285,0.7142857142857143,0.42857142857142855,1.5714285714285714,2022-01-25
CPV,ALG,all_competitive,4,0,2,2,2.0,6.0,0.0,0.5,0.5,1.5,2007-06-02
CPV,COD,all_competitive,3,0,2,1,2.0,3.0,0.0,0.3333333333333333,0.6666666666666666,1.0,2015-01-22
CPV,GHA,all_competitive,4,1,0,3,2.0,9.0,0.25,0.75,0.5,2.25,2024-01-14
KSA,URU,all_competitive,2,0,0,1,0.0,1.0,0.0,0.5,0.0,0.5,2026-06-15
KSA,URU,wc_only,2,0,0,1,0.0,1.0,0.0,0.5,0.0,0.5,2026-06-15
KSA,FRA,all_competitive,1,0,0,1,0.0,4.0,0.0,1.0,0.0,4.0,1998-06-18
KSA,FRA,wc_only,1,0,0,1,0.0,4.0,0.0,1.0,0.0,4.0,1998-06-18
KSA,IRQ,all_competitive,28,11,5,12,27.0,38.0,0.39285714285714285,0.42857142857142855,0.9642857142857143,1.3571428571428572,2025-10-14
KSA,ARG,all_competitive,2,1,0,1,3.0,4.0,0.5,0.5,1.5,2.0,2022-11-22
KSA,ARG,wc_only,1,1,0,0,2.0,1.0,1.0,0.0,2.0,1.0,2022-11-22
KSA,JOR,all_competitive,7,2,0,5,7.0,8.0,0.2857142857142857,0.7142857142857143,1.0,1.1428571428571428,2025-12-15
KSA,UZB,all_competitive,11,6,1,4,23.0,15.0,0.5454545454545454,0.36363636363636365,2.090909090909091,1.3636363636363635,2021-06-15
URU,FRA,all_competitive,6,2,2,2,7.0,6.0,0.3333333333333333,0.3333333333333333,1.1666666666666667,1.0,2018-07-06
URU,FRA,wc_only,4,1,2,1,2.0,3.0,0.25,0.25,0.5,0.75,2018-07-06
URU,SEN,all_competitive,1,0,1,0,3.0,3.0,0.0,0.0,3.0,3.0,2002-06-11
URU,SEN,wc_only,1,0,1,0,3.0,3.0,0.0,0.0,3.0,3.0,2002-06-11
URU,ARG,all_competitive,136,43,31,62,155.0,202.0,0.3161764705882353,0.45588235294117646,1.1397058823529411,1.4852941176470589,2025-03-21
URU,ARG,wc_only,2,1,0,1,4.0,3.0,0.5,0.5,2.0,1.5,1986-06-16
URU,AUT,all_competitive,1,0,0,1,1.0,3.0,0.0,1.0,1.0,3.0,1954-07-03
URU,AUT,wc_only,1,0,0,1,1.0,3.0,0.0,1.0,1.0,3.0,1954-07-03
URU,JOR,all_competitive,2,1,1,0,5.0,0.0,0.5,0.0,2.5,0.0,2013-11-20
URU,POR,all_competitive,3,1,1,1,3.0,4.0,0.3333333333333333,0.3333333333333333,1.0,1.3333333333333333,2022-11-28
URU,POR,wc_only,2,1,0,1,2.0,3.0,0.5,0.5,1.0,1.5,2022-11-28
URU,COL,all_competitive,38,17,11,10,53.0,42.0,0.4473684210526316,0.2631578947368421,1.394736842105263,1.105263157894737,2024-11-15
URU,COL,wc_only,2,1,0,1,2.0,3.0,0.5,0.5,1.0,1.5,2014-06-28
URU,ENG,all_competitive,3,2,1,0,6.0,3.0,0.6666666666666666,0.0,2.0,1.0,2014-06-19
URU,ENG,wc_only,3,2,1,0,6.0,3.0,0.6666666666666666,0.0,2.0,1.0,2014-06-19
URU,GHA,all_competitive,2,1,1,0,3.0,1.0,0.5,0.0,1.5,0.5,2022-12-02
URU,GHA,wc_only,2,1,1,0,3.0,1.0,0.5,0.0,1.5,0.5,2022-12-02
URU,PAN,all_competitive,2,2,0,0,9.0,2.0,1.0,0.0,4.5,1.0,2024-06-23
FRA,SEN,all_competitive,3,0,0,2,0.0,3.0,0.0,0.6666666666666666,0.0,1.0,2026-06-16
FRA,SEN,wc_only,2,0,0,1,0.0,1.0,0.0,0.5,0.0,0.5,2026-06-16
FRA,IRQ,all_competitive,1,0,0,0,0.0,0.0,0.0,0.0,0.0,0.0,2026-06-22
FRA,IRQ,wc_only,1,0,0,0,0.0,0.0,0.0,0.0,0.0,0.0,2026-06-22
FRA,NOR,all_competitive,11,6,2,2,14.0,8.0,0.5454545454545454,0.18181818181818182,1.2727272727272727,0.7272727272727273,2026-06-26
FRA,NOR,wc_only,1,0,0,0,0.0,0.0,0.0,0.0,0.0,0.0,2026-06-26
FRA,ARG,all_competitive,5,1,2,2,8.0,9.0,0.2,0.4,1.6,1.8,2022-12-18
FRA,ARG,wc_only,4,1,1,2,8.0,9.0,0.25,0.5,2.0,2.25,2022-12-18
FRA,AUT,all_competitive,11,8,1,2,23.0,12.0,0.7272727272727273,0.18181818181818182,2.090909090909091,1.0909090909090908,2024-06-17
FRA,AUT,wc_only,2,1,0,1,3.0,3.0,0.5,0.5,1.5,1.5,1982-06-28
FRA,POR,all_competitive,8,4,3,1,9.0,6.0,0.5,0.125,1.125,0.75,2024-07-05
FRA,POR,wc_only,1,1,0,0,1.0,0.0,1.0,0.0,1.0,0.0,2006-07-05
FRA,COL,all_competitive,2,2,0,0,4.0,2.0,1.0,0.0,2.0,1.0,2003-06-18
FRA,ENG,all_competitive,9,3,3,3,12.0,12.0,0.3333333333333333,0.3333333333333333,1.3333333333333333,1.3333333333333333,2022-12-10
FRA,ENG,wc_only,3,1,0,2,3.0,6.0,0.3333333333333333,0.6666666666666666,1.0,2.0,2022-12-10
FRA,CRO,all_competitive,9,5,2,2,17.0,12.0,0.5555555555555556,0.2222222222222222,1.8888888888888888,1.3333333333333333,2025-03-23
FRA,CRO,wc_only,2,2,0,0,6.0,3.0,1.0,0.0,3.0,1.5,2018-07-15
SEN,IRQ,all_competitive,1,0,0,0,0.0,0.0,0.0,0.0,0.0,0.0,2026-06-26
SEN,IRQ,wc_only,1,0,0,0,0.0,0.0,0.0,0.0,0.0,0.0,2026-06-26
SEN,NOR,all_competitive,1,0,0,0,0.0,0.0,0.0,0.0,0.0,0.0,2026-06-22
SEN,NOR,wc_only,1,0,0,0,0.0,0.0,0.0,0.0,0.0,0.0,2026-06-22
SEN,ALG,all_competitive,14,2,4,8,14.0,23.0,0.14285714285714285,0.5714285714285714,1.0,1.6428571428571428,2019-07-19
SEN,COD,all_competitive,9,4,4,1,14.0,8.0,0.4444444444444444,0.1111111111111111,1.5555555555555556,0.8888888888888888,2025-12-27
SEN,COL,all_competitive,1,0,0,1,0.0,1.0,0.0,1.0,0.0,1.0,2018-06-28
SEN,COL,wc_only,1,0,0,1,0.0,1.0,0.0,1.0,0.0,1.0,2018-06-28
SEN,ENG,all_competitive,1,0,0,1,0.0,3.0,0.0,1.0,0.0,3.0,2022-12-04
SEN,ENG,wc_only,1,0,0,1,0.0,3.0,0.0,1.0,0.0,3.0,2022-12-04
SEN,GHA,all_competitive,7,2,2,3,9.0,10.0,0.2857142857142857,0.42857142857142855,1.2857142857142858,1.4285714285714286,2015-01-19
IRQ,NOR,all_competitive,1,0,0,0,0.0,0.0,0.0,0.0,0.0,0.0,2026-06-16
IRQ,NOR,wc_only,1,0,0,0,0.0,0.0,0.0,0.0,0.0,0.0,2026-06-16
IRQ,ALG,all_competitive,4,1,2,1,3.0,3.0,0.25,0.25,0.75,0.75,2025-12-09
IRQ,JOR,all_competitive,26,16,4,6,41.0,22.0,0.6153846153846154,0.23076923076923078,1.5769230769230769,0.8461538461538461,2025-12-12
IRQ,UZB,all_competitive,4,1,1,2,5.0,5.0,0.25,0.5,1.25,1.25,2004-10-13
NOR,AUT,all_competitive,9,1,1,7,7.0,22.0,0.1111111111111111,0.7777777777777778,0.7777777777777778,2.4444444444444446,2024-10-13
NOR,POR,all_competitive,6,1,0,5,4.0,9.0,0.16666666666666666,0.8333333333333334,0.6666666666666666,1.5,2011-06-04
NOR,ENG,all_competitive,4,2,1,1,5.0,6.0,0.5,0.25,1.25,1.5,1993-06-02
NOR,CRO,all_competitive,2,1,0,1,3.0,5.0,0.5,0.5,1.5,2.5,2015-09-06
ARG,ALG,all_competitive,1,0,0,0,0.0,0.0,0.0,0.0,0.0,0.0,2026-06-16
ARG,ALG,wc_only,1,0,0,0,0.0,0.0,0.0,0.0,0.0,0.0,2026-06-16
ARG,AUT,all_competitive,1,0,0,0,0.0,0.0,0.0,0.0,0.0,0.0,2026-06-22
ARG,AUT,wc_only,1,0,0,0,0.0,0.0,0.0,0.0,0.0,0.0,2026-06-22
ARG,JOR,all_competitive,1,0,0,0,0.0,0.0,0.0,0.0,0.0,0.0,2026-06-27
ARG,JOR,wc_only,1,0,0,0,0.0,0.0,0.0,0.0,0.0,0.0,2026-06-27
ARG,POR,all_competitive,1,0,0,1,1.0,3.0,0.0,1.0,1.0,3.0,1972-06-29
ARG,COL,all_competitive,37,20,10,7,72.0,37.0,0.5405405405405406,0.1891891891891892,1.945945945945946,1.0,2025-06-10
ARG,ENG,all_competitive,5,1,1,3,5.0,8.0,0.2,0.6,1.0,1.6,2002-06-07
ARG,ENG,wc_only,5,1,1,3,5.0,8.0,0.2,0.6,1.0,1.6,2002-06-07
ARG,CRO,all_competitive,3,2,0,1,4.0,3.0,0.6666666666666666,0.3333333333333333,1.3333333333333333,1.0,2022-12-13
ARG,CRO,wc_only,3,2,0,1,4.0,3.0,0.6666666666666666,0.3333333333333333,1.3333333333333333,1.0,2022-12-13
ARG,PAN,all_competitive,1,1,0,0,5.0,0.0,1.0,0.0,5.0,0.0,2016-06-10
ALG,AUT,all_competitive,2,0,0,1,0.0,2.0,0.0,0.5,0.0,1.0,2026-06-27
ALG,AUT,wc_only,2,0,0,1,0.0,2.0,0.0,0.5,0.0,1.0,2026-06-27
ALG,JOR,all_competitive,2,1,0,0,6.0,0.0,0.5,0.0,3.0,0.0,2026-06-22
ALG,JOR,wc_only,1,0,0,0,0.0,0.0,0.0,0.0,0.0,0.0,2026-06-22
ALG,COD,all_competitive,4,3,1,0,6.0,1.0,0.75,0.0,1.5,0.25,2026-01-06
ALG,ENG,all_competitive,1,0,1,0,0.0,0.0,0.0,0.0,0.0,0.0,2010-06-18
ALG,ENG,wc_only,1,0,1,0,0.0,0.0,0.0,0.0,0.0,0.0,2010-06-18
ALG,GHA,all_competitive,8,3,1,4,8.0,9.0,0.375,0.5,1.0,1.125,2015-01-23
AUT,JOR,all_competitive,1,0,0,0,0.0,0.0,0.0,0.0,0.0,0.0,2026-06-16
AUT,JOR,wc_only,1,0,0,0,0.0,0.0,0.0,0.0,0.0,0.0,2026-06-16
AUT,POR,all_competitive,7,2,3,2,13.0,6.0,0.2857142857142857,0.2857142857142857,1.8571428571428572,0.8571428571428571,2016-06-18
AUT,ENG,all_competitive,3,0,2,1,4.0,5.0,0.0,0.3333333333333333,1.3333333333333333,1.6666666666666667,2005-10-08
AUT,ENG,wc_only,1,0,1,0,2.0,2.0,0.0,0.0,2.0,2.0,1958-06-15
AUT,CRO,all_competitive,3,1,0,2,4.0,4.0,0.3333333333333333,0.6666666666666666,1.3333333333333333,1.3333333333333333,2022-09-25
JOR,UZB,all_competitive,5,0,4,1,6.0,7.0,0.0,0.2,1.2,1.4,2013-09-10
POR,COD,all_competitive,1,0,0,0,0.0,0.0,0.0,0.0,0.0,0.0,2026-06-17
POR,COD,wc_only,1,0,0,0,0.0,0.0,0.0,0.0,0.0,0.0,2026-06-17
POR,UZB,all_competitive,1,0,0,0,0.0,0.0,0.0,0.0,0.0,0.0,2026-06-23
POR,UZB,wc_only,1,0,0,0,0.0,0.0,0.0,0.0,0.0,0.0,2026-06-23
POR,COL,all_competitive,1,0,0,0,0.0,0.0,0.0,0.0,0.0,0.0,2026-06-27
POR,COL,wc_only,1,0,0,0,0.0,0.0,0.0,0.0,0.0,0.0,2026-06-27
POR,ENG,all_competitive,9,2,5,2,9.0,10.0,0.2222222222222222,0.2222222222222222,1.0,1.1111111111111112,2006-07-01
POR,ENG,wc_only,3,1,1,1,2.0,2.0,0.3333333333333333,0.3333333333333333,0.6666666666666666,0.6666666666666666,2006-07-01
POR,CRO,all_competitive,6,5,1,0,14.0,5.0,0.8333333333333334,0.0,2.3333333333333335,0.8333333333333334,2024-11-18
POR,GHA,all_competitive,2,2,0,0,5.0,3.0,1.0,0.0,2.5,1.5,2022-11-24
POR,GHA,wc_only,2,2,0,0,5.0,3.0,1.0,0.0,2.5,1.5,2022-11-24
COD,UZB,all_competitive,1,0,0,0,0.0,0.0,0.0,0.0,0.0,0.0,2026-06-27
COD,UZB,wc_only,1,0,0,0,0.0,0.0,0.0,0.0,0.0,0.0,2026-06-27
COD,COL,all_competitive,1,0,0,0,0.0,0.0,0.0,0.0,0.0,0.0,2026-06-23
COD,COL,wc_only,1,0,0,0,0.0,0.0,0.0,0.0,0.0,0.0,2026-06-23
COD,GHA,all_competitive,16,4,4,8,18.0,25.0,0.25,0.5,1.125,1.5625,2017-01-29
UZB,COL,all_competitive,1,0,0,0,0.0,0.0,0.0,0.0,0.0,0.0,2026-06-17
UZB,COL,wc_only,1,0,0,0,0.0,0.0,0.0,0.0,0.0,0.0,2026-06-17
COL,ENG,all_competitive,3,0,2,1,2.0,4.0,0.0,0.3333333333333333,0.6666666666666666,1.3333333333333333,2018-07-03
COL,ENG,wc_only,2,0,1,1,1.0,3.0,0.0,0.5,0.5,1.5,2018-07-03
COL,PAN,all_competitive,5,3,0,2,13.0,7.0,0.6,0.4,2.6,1.4,2024-07-06
ENG,CRO,all_competitive,10,5,1,3,19.0,12.0,0.5,0.3,1.9,1.2,2026-06-17
ENG,CRO,wc_only,2,0,0,1,1.0,2.0,0.0,0.5,0.5,1.0,2026-06-17
ENG,GHA,all_competitive,1,0,0,0,0.0,0.0,0.0,0.0,0.0,0.0,2026-06-23
ENG,GHA,wc_only,1,0,0,0,0.0,0.0,0.0,0.0,0.0,0.0,2026-06-23
ENG,PAN,all_competitive,2,1,0,0,6.0,1.0,0.5,0.0,3.0,0.5,2026-06-27
ENG,PAN,wc_only,2,1,0,0,6.0,1.0,0.5,0.0,3.0,0.5,2026-06-27
CRO,GHA,all_competitive,1,0,0,0,0.0,0.0,0.0,0.0,0.0,0.0,2026-06-27
CRO,GHA,wc_only,1,0,0,0,0.0,0.0,0.0,0.0,0.0,0.0,2026-06-27
CRO,PAN,all_competitive,1,0,0,0,0.0,0.0,0.0,0.0,0.0,0.0,2026-06-23
CRO,PAN,wc_only,1,0,0,0,0.0,0.0,0.0,0.0,0.0,0.0,2026-06-23
GHA,PAN,all_competitive,1,0,0,0,0.0,0.0,0.0,0.0,0.0,0.0,2026-06-17
GHA,PAN,wc_only,1,0,0,0,0.0,0.0,0.0,0.0,0.0,0.0,2026-06-17
